split,sample_id,location,selected,category,figure,iou_water_5sa,iou_water_v3,delta_iou_water,f1_water_5sa,f1_water_v3,viol_frac_5sa,viol_frac_v3,delta_viol_frac,viol_pairs_5sa,viol_pairs_v3,desc_pairs,water_frac_5sa,water_frac_v3
valid,India_1068117,India,True,positive,valid_India_1068117.png,0.63430745914602,0.6175633046295507,-0.01674415451646938,0.7762400588656272,0.7635723471990892,0.006810256315385398,0.0056031412740844885,-0.0012071150413009097,2945,2423,432436,0.22310110050846277,0.20417740475029603
test,Pakistan_849790,Pakistan,True,positive,test_Pakistan_849790.png,0.6883451922594737,0.6912853447506913,0.002940152491217596,0.8154081231910604,0.8174674331522599,0.011567564828834727,0.010626336086865864,-0.0009412287419688636,5936,5453,513159,0.5096466709946781,0.5110733597938104
valid,India_1050276,India,True,positive,valid_India_1050276.png,0.5679029632611625,0.5387106058425672,-0.02919235741859527,0.7244108552227642,0.7002104278700023,0.00708042150415442,0.006232131388935015,-0.000848290115219405,3539,3115,499829,0.15899837372886338,0.14317064090757686
test,India_1018327,India,True,positive,test_India_1018327.png,0.6732570464427091,0.6733843101411151,0.00012726369840598828,0.804726384238491,0.8048172868124109,0.004948103815930538,0.0041293104463896516,-0.0008187933695408866,2520,2103,509286,0.15527462215135307,0.1465388987647916
test,Spain_5650136,Spain,False,,,0.9059555442698178,0.8995793285471071,-0.006376215722710743,0.9506575816981024,0.9471353104638701,0.0055504314273395585,0.004764529632318029,-0.0007859017950215298,1017,873,183229,0.617479428424905,0.6216403645772629
test,India_952728,India,False,,,0.28359367420199866,0.2574320724560469,-0.02616160174595178,0.44187452758881335,0.40945682569273795,0.0034910856470727245,0.0027606431116852007,-0.0007304425353875238,1300,1028,372377,0.039116980012293606,0.031544755081710084
valid,Paraguay_934240,Paraguay,False,,,0.3042691999542177,0.29332358547220555,-0.010945614482012145,0.46657423170753115,0.453596592170876,0.003996651299341728,0.0033047394053380428,-0.0006919118940036852,2091,1729,523188,0.13969039916992188,0.11129379272460938
test,Sri-Lanka_649970,Sri-Lanka,False,,,0.4885255548083389,0.4586208374405349,-0.029904717367804035,0.6563885359311027,0.6288417464888052,0.00581833249107888,0.005127102973835898,-0.0006912295172429818,3005,2648,516471,0.06927986812597037,0.06398573920377221
test,Paraguay_868895,Paraguay,False,,,0.4707876117442698,0.46714031971580816,-0.003647292028461646,0.6401843583465361,0.6368038740920097,0.007017502923959551,0.006343752643230268,-0.0006737502807292834,2406,2175,342857,0.10787336505855868,0.10303479326361382
valid,India_769408,India,False,,,0.30574310906346813,0.2899594404436719,-0.015783668619796243,0.46830514661150996,0.4495636550308008,0.0039010055028955025,0.003295975107320868,-0.0006050303955746346,1354,1144,347090,0.04465996236647774,0.03980512429863507
test,India_570384,India,False,,,0.5482762212269555,0.5483323292622816,5.610803532607456e-05,0.7082408341742348,0.708287644582788,0.00280055035796588,0.00220270387731003,-0.0005978464806558502,1321,1039,471693,0.06273553719008264,0.056706611570247936
valid,Paraguay_581976,Paraguay,False,,,0.811033198411341,0.770249433106576,-0.04078376530476502,0.8956580134729596,0.8702157093815649,0.009001605381851541,0.00841296536962006,-0.0005886400122314811,4710,4402,523240,0.5229873657226562,0.47466278076171875
bolivia,Bolivia_129334,Bolivia,True,positive,bolivia_Bolivia_129334.png,0.8944995268343673,0.8971174372832833,0.0026179104489160165,0.9443122198389147,0.9457690068654648,0.0047994765772629636,0.004233439653576794,-0.0005660369236861699,2230,1967,464634,0.6292901174867753,0.6342687983045573
test,India_747992,India,False,,,0.8313347134877543,0.824878708094721,-0.0064560053930333705,0.9079003497995052,0.9040367498790559,0.0061542289985739036,0.005599104143337066,-0.0005551248552368377,3215,2925,522405,0.4467905695437011,0.44358171141643804
test,Spain_7387658,Spain,False,,,0.8228454411799024,0.8138647999164141,-0.008980641263488298,0.9028142733234542,0.8973819878459722,0.007771669460605463,0.007237534102488249,-0.0005341353581172137,3783,3523,486768,0.6084058048439843,0.6085813391743018
test,Somalia_685158,Somalia,False,,,0.7266691257838436,0.7135253495031161,-0.013143776280727493,0.8417004913480026,0.8328156332324146,0.003922183871979918,0.003388216383443705,-0.000533967488536213,1425,1231,363318,0.1424592229003323,0.1390656560172013
bolivia,Bolivia_242570,Bolivia,True,positive,bolivia_Bolivia_242570.png,0.5463169823538935,0.5385207271328267,-0.00779625522106675,0.7066041291511369,0.7000500125031257,0.004620424113556692,0.004106085857134648,-0.0005143382564220447,1608,1429,348020,0.11630305343946395,0.11761354247978713
valid,India_833266,India,False,,,0.4082342100854415,0.39022474361771764,-0.018009466467723834,0.5797816970526128,0.5613836833349028,0.004653029399623905,0.0041645645094711735,-0.0004884648901527311,2029,1816,436060,0.06992634540273314,0.06188716006445915
test,India_79637,India,False,,,0.15376947040498443,0.1442495126705653,-0.009519957734419132,0.26655146344097636,0.252129471890971,0.0016957327249621044,0.0012306502733077124,-0.00046508245165439196,886,643,522488,0.01561737060546875,0.011646270751953125
bolivia,Bolivia_314919,Bolivia,False,,,0.7155285302724923,0.7346652845963709,0.019136754323878624,0.8341785259133391,0.8470398192897669,0.006988337574784061,0.006529778202071831,-0.00045855937271223075,2606,2435,372907,0.3546718208054224,0.36331382880139795
test,Somalia_322855,Somalia,False,,,0.7574336096804457,0.7504837072086742,-0.0069499024717715185,0.8619769253396377,0.8574586602755617,0.005604642610622863,0.005154304660506148,-0.0004503379501167148,2850,2621,508507,0.1844858142124496,0.18287040667492668
valid,Nigeria_1095404,Nigeria,False,,,0.778191257624165,0.7723031050413208,-0.005888152582844142,0.8752615943730412,0.871524856944055,0.0071577352774095816,0.0067132421092496435,-0.00044449316815993803,3591,3368,501695,0.2055865833211116,0.19898288826436977
valid,Sri-Lanka_132922,Sri-Lanka,False,,,0.42988154375238824,0.4138512053918604,-0.016030338360527863,0.601282736504543,0.5854239877769288,0.004188806726618085,0.0037519138017924106,-0.0004368929248256743,2186,1958,521867,0.060405731201171875,0.05677032470703125
valid,Spain_4282030,Spain,False,,,0.8086552152989311,0.7976469531635907,-0.011008262135340452,0.8942060470771133,0.8874344895807833,0.0054378611079642005,0.005006959167489359,-0.00043090194047484126,2688,2475,494312,0.3912705104092354,0.389237113874021
test,Pakistan_528249,Pakistan,False,,,0.0,0.0,0.0,,,0.001827139547782962,0.0014682371366113087,-0.0003589024111716533,280,225,153245,0.021238731131952925,0.013977293393260763
bolivia,Bolivia_312675,Bolivia,False,,,0.4483229625132797,0.46467391304347827,0.016350950530198582,0.6190925285549617,0.634508348794063,0.0031957595223045406,0.002846022787433863,-0.00034973673487067756,996,887,311663,0.06019315477697332,0.06561693078831451
valid,Mekong_474783,Mekong,False,,,0.3903106898367562,0.37404336734693877,-0.016267322489817437,0.561472615710931,0.5444418658621489,0.0022038177845992704,0.0018655040396954794,-0.000338313744903791,1153,976,523183,0.028311568409768083,0.02726624166886033
valid,Mekong_98310,Mekong,False,,,0.932510148849797,0.9327570405403877,0.00024689169059066707,0.9650765864332604,0.9652087882495508,0.002705418566901136,0.0023672412460384942,-0.00033817732086264185,560,490,206992,0.46893653807223246,0.46589447997767697
test,Sri-Lanka_377277,Sri-Lanka,False,,,0.5153457653457654,0.4703030303030303,-0.045042735042735094,0.6801692090757595,0.6397361912613356,0.001092747699323087,0.000773783506007159,-0.0003189641933159281,555,393,507894,0.026982743997409287,0.02295017502737212
test,Sri-Lanka_117737,Sri-Lanka,False,,,0.24926537643124938,0.23487616727568006,-0.014389209155569321,0.39905912888312106,0.3804044057208614,0.002545801350582227,0.00224007445122983,-0.00030572689935239733,1324,1165,520072,0.02135467529296875,0.020732879638671875
test,India_828067,India,False,,,0.488420590495006,0.46245516603031356,-0.025965424464692466,0.656293783644274,0.6324367088607594,0.0014848473007597282,0.0011806210680852726,-0.00030422623267445555,532,423,358286,0.035861730013106156,0.03083224115334207
valid,India_869358,India,False,,,0.32374200722824575,0.30818375418314575,-0.015558253045100001,0.4891315761839756,0.4711627906976744,0.001441692915574693,0.001140701176551785,-0.000300991739022908,752,595,521609,0.017063140869140625,0.01354217529296875
test,Spain_7370579,Spain,False,,,0.6991220446999576,0.6900775056074974,-0.00904453909246028,0.82292151629804,0.8166223185834894,0.0070523264263368446,0.006752105371853416,-0.0003002210544834289,3688,3531,522948,0.3147093056536091,0.31357209639565725
valid,India_118868,India,False,,,0.23493633930743654,0.21374989695820626,-0.021186442349230283,0.38048332019963227,0.352214072262972,0.0022727483557361387,0.0019728074162716413,-0.00029994093946449736,735,638,323397,0.02741939462713077,0.024311123171423636
test,Spain_6095801,Spain,False,,,0.564060855420534,0.5499480046795788,-0.01411285074095514,0.7212773767282515,0.7096341335569767,0.00428657739165016,0.003990226144680591,-0.0002963512469695692,2242,2087,523028,0.10036556234784134,0.09524082087444956
valid,Mekong_1149855,Mekong,False,,,0.6198409525078857,0.5851116402354104,-0.03472931227247533,0.7653108801184828,0.7382592183204376,0.0036235379641325833,0.003334103662353572,-0.0002894343017790114,1615,1486,445697,0.08542320097875654,0.08018240462684907
valid,Spain_8372658,Spain,False,,,0.8351377161713676,0.8324789245841877,-0.002658791587179854,0.9101635357521923,0.9085822635292656,0.004440432798773048,0.004155495465862978,-0.00028493733291007003,2322,2173,522922,0.38538482381721106,0.38133947005865765
valid,India_533192,India,False,,,0.8394148465171193,0.8341621221924392,-0.005252724324680047,0.9126976963424296,0.9095838498674649,0.005039547714237632,0.004762099690258845,-0.0002774480239787864,1108,1047,219861,0.37440576088483407,0.3707682412000858
valid,Spain_8565131,Spain,False,,,0.780176175187289,0.773766724123779,-0.0064094510635099855,0.8765156910441273,0.8724560153263797,0.004022112012170058,0.0037647275758611815,-0.00025738443630887644,2094,1960,520622,0.2127676622762168,0.21250057233558706
valid,Somalia_12849,Somalia,False,,,0.7165886635465418,0.7073075420085971,-0.009281121537944692,0.834898515601333,0.8285648889906158,0.006803117874754759,0.006553899994697492,-0.000249217880057267,2566,2472,377180,0.21971542378020095,0.2166731137154865
valid,Spain_6537196,Spain,False,,,0.46238745280278826,0.4324729891956783,-0.029914463607109976,0.6323733862959285,0.6038131154410226,0.0009454635929530426,0.0006966573842811893,-0.0002488062086718533,494,364,522495,0.007588532883642495,0.0065889373001762645
test,USA_430764,USA,False,,,0.6008871365204534,0.5777945239889475,-0.023092612531505963,0.7506926913367404,0.7324078201617525,0.0027186234314346336,0.0024737368732195503,-0.00024488655821508325,1421,1293,522691,0.06501562160244452,0.060910897736679674
test,Mekong_1443339,Mekong,False,,,0.9154862374377479,0.9106534492420147,-0.004832788195733184,0.9558786897496574,0.9532376994931078,0.003273589967138354,0.003030480853061498,-0.00024310911407685607,1562,1446,477152,0.734770251969405,0.7343773246609572
test,Sri-Lanka_922192,Sri-Lanka,False,,,0.2862015503875969,0.4176190476190476,0.1314174972314507,0.4450337512054001,0.5891837420221699,0.0006338861047060725,0.00039990130095550886,-0.00023398480375056368,298,188,470116,0.013003423929135926,0.008119841690194885
valid,India_691027,India,False,,,0.42248095197328994,0.41351853490223833,-0.00896241707105161,0.5940057775637939,0.5850910684108406,0.0014950238766446257,0.0012624204277517782,-0.00023260344889284744,752,635,503002,0.032365746317422076,0.029850334994528292
test,Ghana_866994,Ghana,False,,,0.4574589621790632,0.46573401350028343,0.00827505132122025,0.6277486694995669,0.6354959483925401,0.00023234200743494423,0.0,-0.00023234200743494423,1,0,4304,0.5420939316319323,0.5506037732637795
bolivia,Bolivia_290290,Bolivia,False,,,0.4239188990645967,0.4470933072789448,0.02317440821434813,0.5954256233877901,0.6179191141718993,0.0019558411232328643,0.0017253047170723364,-0.0002305364061605279,789,696,403407,0.0458186118563477,0.048491690001123966
test,Paraguay_913449,Paraguay,False,,,0.36338582677165354,0.3166458072590738,-0.04674001951257972,0.5330638174992781,0.48098859315589354,0.0012390223196103963,0.0010210461707900488,-0.00021797614882034747,648,534,522993,0.018585205078125,0.015071868896484375
bolivia,Bolivia_294583,Bolivia,False,,,0.7102318392581144,0.6973151435868685,-0.01291669567124587,0.83056790659003,0.8216684405622638,0.0010058566110034617,0.0007881387298338812,-0.00021771788116958042,231,181,229655,0.09699399104788767,0.09380556747807958
test,Paraguay_232281,Paraguay,False,,,0.47020498170701147,0.5074004624151177,0.03719548070810624,0.6396454746889382,0.6732125603864734,0.0029815032127608336,0.002769357791852851,-0.00021214542090798247,1560,1449,523226,0.2232666015625,0.20341110229492188
bolivia,Bolivia_379434,Bolivia,False,,,0.31413141314131415,0.29630135116691686,-0.017830061974397293,0.4780821917808219,0.4571488734470415,0.002423025435073628,0.002224134633773188,-0.0001988908013004398,1267,1163,522900,0.03124237060546875,0.03130340576171875
test,India_591317,India,False,,,0.9261598873191345,0.9240748653961199,-0.0020850219230145184,0.9616645984754476,0.9605394072915927,0.0032782430568135896,0.0030831510151753737,-0.0001950920416382159,941,885,287044,0.45357225593276135,0.4515238834541087
test,Sri-Lanka_1049830,Sri-Lanka,False,,,0.3979892529034495,0.41456903127383676,0.016579778370387266,0.5693738375697459,0.586141817201402,0.0005665486357008956,0.0003776990904672638,-0.00018884954523363184,204,136,360075,0.02884883274721,0.02544774040255897
valid,Ghana_495107,Ghana,False,,,0.36468885672937773,0.3399734395750332,-0.024715417154344554,0.5344644750795334,0.5074331020812685,0.0008007690440652312,0.0006172992869524336,-0.0001834697571127976,419,323,523247,0.013675689697265625,0.0118408203125
test,Spain_7558720,Spain,False,,,0.32432432432432434,0.3010089686098655,-0.023315355714458863,0.48979591836734687,0.4627315812149936,0.000881805539881138,0.0007000885631160444,-0.00018171697676509356,461,366,522791,0.011294582875290095,0.009561652620007329
test,Ghana_313799,Ghana,False,,,0.43213728549141966,0.4176577669902913,-0.014479518501128386,0.6034858387799564,0.5892222745366604,0.0011002838978788744,0.0009257985782525603,-0.00017448531962631407,536,451,487147,0.036549348779370376,0.034483604947967796
valid,Mekong_293769,Mekong,False,,,0.912922132291376,0.910910690717114,-0.0020114415742620295,0.9544791362707907,0.95337861171866,0.0009198644358937447,0.0007539472432126448,-0.00016591719268109983,377,309,409843,0.1342032372543928,0.1304076863152428
valid,Sri-Lanka_63307,Sri-Lanka,False,,,0.2164301310043668,0.16934021481378156,-0.04708991619058525,0.3558447386134171,0.289633782655374,0.0008409351963870366,0.0006784818061759046,-0.00016245339021113208,440,355,523227,0.007282257080078125,0.00525665283203125
valid,Pakistan_336228,Pakistan,False,,,0.0,0.0,0.0,,,0.00021709654321363822,5.7130669266746904e-05,-0.00015996587394689131,57,15,262556,0.0019853401876637152,0.0003925387443289475
valid,India_164336,India,False,,,0.18221771467207573,0.1378804547121379,-0.04433725995993784,0.3082642264798398,0.24234611666129552,0.0007544337491101551,0.0005977436627565075,-0.00015669008635364756,390,309,516944,0.006236950069663953,0.004716307540302817
test,USA_595451,USA,False,,,0.6196010071663761,0.6097420322171389,-0.009858974949237265,0.7651279598182253,0.7575649017219557,0.002143776450587005,0.001998435674276021,-0.0001453407763109837,1121,1045,522909,0.08117542039246803,0.08140812402722251
test,India_772630,India,False,,,0.3215158924205379,0.18540051679586564,-0.13611537562467227,0.48658649398704906,0.31280653950953674,0.0006115770229211261,0.00046844197500341573,-0.0001431350479177104,188,144,307402,0.005259701800015451,0.0031545335153091445
test,Paraguay_511199,Paraguay,False,,,0.3896985204138391,0.3839168547582804,-0.00578166565555871,0.5608389369196285,0.5548264744926986,0.002023954911100791,0.0018825265226008298,-0.00014142838849996102,1059,985,523233,0.05126953125,0.056537628173828125
bolivia,Bolivia_360519,Bolivia,False,,,0.4083975725766771,0.40086275762901424,-0.007534814947662838,0.5799464306509841,0.5723083941605839,0.0009905737632134055,0.000854419202134272,-0.00013615456107913344,502,433,506777,0.02277136931256912,0.02348371252818872
test,Paraguay_59731,Paraguay,False,,,0.6667507568113017,0.6585365853658537,-0.008214171445448004,0.8000605418495536,0.7941176470588235,0.00044013822719459465,0.0003152341356934259,-0.00012490409150116874,222,159,504387,0.015008448853146415,0.014965422286197077
valid,Pakistan_9684,Pakistan,False,,,0.19328859060402684,0.13161559888579388,-0.061672991718232956,0.32395950506186727,0.23261538461538464,0.000456746545577097,0.00033258243609982796,-0.00012416410947726906,103,75,225508,0.0051254953764861295,0.0037780713342140024
valid,Nigeria_984831,Nigeria,False,,,0.9545674977827681,0.9533994247598067,-0.0011680730229614023,0.9767557261292997,0.9761438573957175,0.002627143525113361,0.002507530202363994,-0.00011961332274936691,1208,1153,459815,0.9397938024134112,0.9377451511088534
test,Mekong_333434,Mekong,False,,,0.25627906976744186,0.2438563327032136,-0.01242273706422825,0.40799703813402444,0.39209726443768994,0.0007951772499788781,0.0006759006624820464,-0.00011927658749683165,320,272,402426,0.010426666272836024,0.009747308413699399
test,Paraguay_683296,Paraguay,False,,,0.6915173237753883,0.6931722054380665,0.0016548816626781315,0.817629608701794,0.8187852401684391,0.0003939500251853623,0.0002802729034900836,-0.00011367712169527871,201,143,510217,0.025999892132615245,0.025433588362650146
test,Ghana_97059,Ghana,False,,,0.0,0.0,0.0,,,0.0002026715799170889,9.212344541685859e-05,-0.00011054813450023032,11,5,54275,0.0020077389209315908,0.0014236694166605826
bolivia,Bolivia_103757,Bolivia,False,,,0.7802235281771435,0.7776234770077296,-0.002600051169413864,0.876545575123425,0.8749023480683342,0.003997761253697929,0.0038892505910975567,-0.00010851066260037217,700,681,175098,0.36891583500800434,0.3687795905855104
valid,USA_366607,USA,False,,,0.9337367091581977,0.9303296358719084,-0.0034070732862893083,0.965733033598639,0.963907530178584,0.0007027502163612,0.0005965468074577389,-0.00010620340890346114,311,264,442547,0.18856026764426506,0.1875798717474317
valid,Sri-Lanka_236628,Sri-Lanka,False,,,0.4288123343772585,0.4274733449045376,-0.0013389894727209306,0.6002360478839993,0.5989230501997569,0.00045752865321250477,0.0003517972417558335,-0.00010573141145667127,238,183,520186,0.010871970153580884,0.010208207765256999
test,Sri-Lanka_450918,Sri-Lanka,False,,,0.48054280582718023,0.4409496753246753,-0.0395931305025049,0.6491440894999326,0.6120264751443458,0.0009321705821227002,0.0008302940157704924,-0.00010187656635220774,183,163,196316,0.0316970320602062,0.028488993805863245
valid,Nigeria_820924,Nigeria,False,,,0.4436008676789588,0.42044198895027624,-0.023158878728682553,0.6145755071374905,0.5919875534811356,0.0004147149264884348,0.000313425105733195,-0.00010128982075523983,217,164,523251,0.005668661760947269,0.005321522985546057
valid,Somalia_649376,Somalia,False,,,0.5863082738345233,0.5828432075742361,-0.0034650662602871973,0.7392110140323008,0.7364509697299257,0.0012217254449727298,0.0011272012325957293,-9.452421237700044e-05,517,477,423172,0.02871980890856312,0.027331497833393323
test,Mekong_424793,Mekong,False,,,0.5499157145532871,0.5345413363533409,-0.015374378199946248,0.7096072507552871,0.6966789667896679,0.0006188574998157008,0.0005257378760189809,-9.311962379671991e-05,319,271,515466,0.016526943327904303,0.015965986684049874
test,Ghana_319168,Ghana,False,,,0.7759608299859767,0.7614327443374994,-0.014528085648477296,0.8738490364025696,0.8645606785558939,0.0037329055922817904,0.003641499531175364,-9.140606110642638e-05,1266,1235,339146,0.20509369318976367,0.1983813452663963
bolivia,Bolivia_60373,Bolivia,False,,,0.599314068884997,0.6311126860382708,0.0317986171532737,0.7494638864808141,0.7738431457744949,0.002600697072084075,0.0025100990183434414,-9.05980537406338e-05,976,942,375284,0.04741758324582075,0.05293464443093373
valid,India_764946,India,False,,,0.6005800158186132,0.5954260822216172,-0.005153933596996008,0.750452973151046,0.7464163822525596,0.00022524636320976068,0.0001355649408206893,-8.968142238907138e-05,108,65,479475,0.012061756191701512,0.011191660274966804
valid,USA_308150,USA,False,,,0.6353393085787452,0.619475847893114,-0.01586346068563116,0.7770122142186032,0.7650325241948278,0.000599286618429216,0.0005128510484634636,-8.643556996575238e-05,312,267,520619,0.013277257687184909,0.01296049643739004
valid,USA_19225,USA,False,,,0.5474947807933194,0.5243506493506493,-0.023144131442670024,0.7075885328836424,0.6879659211927582,0.00034623588036689524,0.00026015513662926935,-8.608074373762589e-05,181,136,522765,0.00600483744210711,0.005440214861781918
test,USA_350244,USA,False,,,0.4720752498530276,0.43041691133294185,-0.04165833852008577,0.6413738019169329,0.6018062397372742,0.000413028762864125,0.000328893274132544,-8.413548873158102e-05,216,172,522966,0.004650541736609187,0.004391118571646574
test,Paraguay_280900,Paraguay,False,,,0.5285074917299085,0.5244097639055623,-0.004097727824346253,0.6915340547422024,0.6880168001050007,0.0010143967784289481,0.0009340106186289184,-8.038615980002976e-05,530,488,522478,0.034809378123307214,0.03300882727681943
valid,India_1018317,India,False,,,0.9589871818832127,0.9580840251701951,-0.000903156713017661,0.9790642743882781,0.9785933727608234,0.0025762129669386004,0.0024967002210454334,-7.951274589316701e-05,162,157,62883,0.7781009965630505,0.7783040659569391
valid,Paraguay_657443,Paraguay,False,,,0.9073452897416402,0.9002708252730574,-0.007074464468582842,0.9514221621241374,0.9475184413713177,0.00279002199433397,0.0027130870812704217,-7.693491306354824e-05,1233,1199,441932,0.24019241333007812,0.239288330078125
valid,Sri-Lanka_101973,Sri-Lanka,False,,,0.19191648822269808,0.17388934314527119,-0.018027145077426893,0.3220300920727599,0.2962618992338054,0.000492092874841175,0.0004152033631472415,-7.688951169393355e-05,256,216,520227,0.005702994167305631,0.005146046241936653
valid,India_70352,India,False,,,0.8118512408056644,0.8097547457392268,-0.002096495066437609,0.8961566187350609,0.8948778807135748,0.0003000963813195479,0.00022342942258827652,-7.666695873127137e-05,137,102,456520,0.0550476739860134,0.05406535160870965
valid,USA_761032,USA,False,,,0.5260972716488731,0.5159938230752261,-0.010103448573646978,0.689467547609794,0.680733410942957,0.0010743089154258909,0.0010054919742242324,-6.881694120165847e-05,562,526,523127,0.03230138292799237,0.03242346208869814
test,USA_504150,USA,False,,,0.59679037111334,0.5939774153074028,-0.0028129558059372117,0.7474874371859296,0.7452770780856423,0.0005113732486427462,0.0004440872948739638,-6.728595376878242e-05,266,231,520168,0.011849263331374987,0.011788223983885612
valid,Paraguay_896458,Paraguay,False,,,0.8352694575587204,0.8315640758982007,-0.003705381660519702,0.9102417676255536,0.9080371108397077,0.0017354141985764218,0.0016693264928478416,-6.608770572858022e-05,709,682,408548,0.1844206782506087,0.1829955376062623
test,Nigeria_22088,Nigeria,False,,,0.36081242532855434,0.34,-0.020812425328554318,0.530289727831431,0.5074626865671641,0.00012154196236250565,6.0770981181252826e-05,-6.0770981181252826e-05,54,27,444291,0.002290631765223718,0.0019897056313609948
test,USA_519181,USA,False,,,0.52,0.5169207883971737,-0.003079211602826315,0.6842105263157895,0.6815395930375092,0.0003660111681313501,0.0003066062141414451,-5.940495398990502e-05,191,160,521842,0.007736707779053665,0.007351398367966673
test,Sri-Lanka_849649,Sri-Lanka,False,,,0.65019676432007,0.6571296723580987,0.006932908038028707,0.788023317435082,0.7930938457254246,0.0001371343568050019,7.902657849779772e-05,-5.8107778307204185e-05,59,34,430235,0.008624837883294304,0.007786184677851765
bolivia,Bolivia_432776,Bolivia,False,,,0.7666256815994867,0.769539501478665,0.00291381987917827,0.8678982645665955,0.869762444789304,0.005540972138226823,0.005485398966339003,-5.557317188782055e-05,1695,1678,305903,0.3826973210358916,0.39446360165467304
valid,Sri-Lanka_321316,Sri-Lanka,False,,,0.9011432003501878,0.8992312868299248,-0.0019119135202629867,0.9480013921983348,0.9469423688052907,0.0012593348551480643,0.0012053227507511947,-5.4012104396869605e-05,443,424,351773,0.34276493230535643,0.34098339392598415
test,Ghana_359826,Ghana,False,,,0.5228758169934641,0.5201920977952412,-0.002683719198222856,0.6866952789699571,0.6843767949454336,0.0003120220367956294,0.0002622516505582897,-4.977038623733967e-05,163,137,522399,0.01332855224609375,0.0132293701171875
valid,USA_225017,USA,False,,,0.7807550444781949,0.7615071835185687,-0.019247860959626162,0.8768809016143772,0.8646086608599305,0.000728319075392964,0.0006785705046694009,-4.9748570723563094e-05,366,341,502527,0.06122729249479282,0.0599340805224729
test,USA_670826,USA,False,,,0.14400476048795002,0.13182503770739065,-0.012179722780559371,0.25175552665799744,0.23294243070362475,0.00020454002389486261,0.00015866188769414575,-4.5878136200716866e-05,107,83,523125,0.00318541803366243,0.0028306349472784703
test,USA_1049586,USA,False,,,0.6297750803284541,0.6147248034310222,-0.01505027689743188,0.7728368017524644,0.7613988490482514,0.00038205383695324546,0.0003398167293503741,-4.2237107602871365e-05,199,177,520869,0.009322257031759781,0.00914290947527484
test,India_592446,India,False,,,0.6147627754787797,0.5771969179752268,-0.0375658575035529,0.7614279754454973,0.73192752458104,0.0005060578775203164,0.00046502615772137183,-4.1031719798944536e-05,222,204,438685,0.034476610728532905,0.03176661986583763
valid,USA_1039203,USA,False,,,0.5743887277248239,0.5348178137651822,-0.03957091395964163,0.7296657015003948,0.6969137430757056,0.0005379205255923826,0.0004977200592669732,-4.020046632540939e-05,281,260,522382,0.008347576608472714,0.008317055304602613
test,Somalia_699062,Somalia,False,,,0.5831559025313461,0.56239907727797,-0.020756825253376077,0.7367005379557681,0.7199173187656873,0.0011340907173309908,0.0010943851342296868,-3.970558310130391e-05,457,441,402966,0.01674138448592336,0.017139988878445346
valid,USA_275372,USA,False,,,0.3950423595858174,0.38664158043273755,-0.008400779153079851,0.5663517768780927,0.5576662143826323,0.00029661892696667915,0.00025834551703549476,-3.827340993118439e-05,155,135,522556,0.006576688614393945,0.00648513378449519
test,Nigeria_225131,Nigeria,False,,,0.42155756207674944,0.39916217833632556,-0.02239538374042388,0.5930924970226281,0.5705731394354149,0.00025622918137901295,0.00021873222800647448,-3.7496953372538475e-05,123,105,480039,0.005753248637333942,0.0050030051190648895
valid,Spain_7604243,Spain,False,,,0.9498134328358209,0.9481495309656042,-0.0016639018702166997,0.9742608362836093,0.9733847591212899,0.0004962963115505244,0.00045922853724384625,-3.7067774306678185e-05,241,223,485597,0.07968940781440781,0.07945665445665445
valid,USA_1082482,USA,False,,,0.4913160941721343,0.4714176829268293,-0.019898411245305003,0.6589026915113871,0.6407666407666408,0.00021632052192590353,0.00017994804478791974,-3.637247713798378e-05,113,94,522373,0.006325105863502842,0.006313661160492885
valid,USA_741178,USA,False,,,0.3993123772102161,0.37760542898691224,-0.02170694822330388,0.5707265707265707,0.5482054890921886,0.000476412783934366,0.0004400600012245148,-3.635278270985122e-05,249,230,522656,0.005352571561554573,0.005325865930099917
test,India_631692,India,False,,,0.47743682310469315,0.42263056092843326,-0.05480626217625989,0.6463042150274894,0.5941536369816451,0.00014533744102837714,0.00010900308077128285,-3.633436025709429e-05,76,57,522921,0.003185272216796875,0.002552032470703125
valid,Pakistan_43105,Pakistan,False,,,0.0,0.0,0.0,,,7.241753208879564e-05,3.7187381342895055e-05,-3.5230150745900585e-05,37,19,510926,0.0002904366102990351,0.0001413967708034776
test,USA_905409,USA,False,,,0.9523914383863296,0.9513639666218984,-0.001027471764431187,0.9756152579459069,0.9750758780985908,0.0005019345864441648,0.00046817217031563355,-3.376241612853127e-05,223,208,444281,0.16861949110832167,0.16849358448525176
valid,USA_646878,USA,False,,,0.4857322044528065,0.47788736875596566,-0.007844835696840857,0.6538623891937526,0.6467168998923575,0.00036693462811671296,0.0003332163109384204,-3.3718317178292546e-05,185,168,504177,0.009147185086214394,0.0087795583735878
test,USA_67102,USA,False,,,0.8559659090909091,0.8463348075656347,-0.009631101525274355,0.922393999693862,0.9167728454207227,0.0002944016580701383,0.0002629988145426568,-3.140284352748146e-05,150,134,509508,0.0385667573476388,0.03865069765844688
valid,Sri-Lanka_31559,Sri-Lanka,False,,,0.0,0.0,0.0,,,7.818842029495432e-05,4.829284782923649e-05,-2.9895572465717833e-05,34,21,434847,0.0005256061610183048,0.00047533078909481476
test,USA_933610,USA,False,,,0.7521331058020477,0.7368755292125317,-0.015257576589515986,0.8585342098855613,0.8485070079219987,0.0004345986692819507,0.0004057536248605823,-2.8845044421368384e-05,226,211,520020,0.016757815034328525,0.01672346742892908
test,Somalia_166342,Somalia,False,,,0.0,0.0,0.0,,,3.43081420082614e-05,9.148837868869706e-06,-2.5159304139391698e-05,15,4,437214,0.0001178726703146747,4.986920667159314e-05
test,Somalia_60129,Somalia,False,,,0.022408963585434174,0.0,-0.022408963585434174,0.04383561643835617,,6.599653631971453e-05,4.0963367370857294e-05,-2.503316894885724e-05,29,18,439417,0.00023839939545511793,0.00022490509005199805
bolivia,Bolivia_233925,Bolivia,False,,,0.0,0.0,0.0,,,5.0659587833593384e-05,2.701844684458314e-05,-2.3641140989010244e-05,15,8,296094,0.0004251446488238772,0.0002125723244119386
valid,Ghana_868803,Ghana,False,,,0.9529206334339102,0.9517788885621876,-0.001141744871722583,0.9758928418492319,0.9752937631816813,0.001402450266955918,0.0013789126400979164,-2.353762685800161e-05,715,703,509822,0.5640182495117188,0.5646553039550781
valid,USA_826217,USA,False,,,0.746076458752515,0.747237291541089,0.001160832788573929,0.854574786817239,0.8553357865685374,0.0005626977337061684,0.0005397304792691819,-2.2967254436986493e-05,294,282,522483,0.015946529531599307,0.016015198797524853
test,Pakistan_694942,Pakistan,False,,,0.9520503713270907,0.9528956283271496,0.0008452570000588855,0.9754362749152262,0.9758797290599702,0.0001601121309874719,0.00013911381872681983,-2.099831226065206e-05,61,53,380983,0.09293579323457513,0.09317084891665448
valid,Paraguay_305760,Paraguay,False,,,0.5066717019133937,0.5116696588868941,0.0049979569735003615,0.6725708079204612,0.676959619952494,0.005903711724396524,0.0058864941594193474,-1.7217564977176948e-05,3086,3077,522722,0.2895317077636719,0.2858390808105469
test,Spain_6860600,Spain,False,,,0.3062330623306233,0.27197802197802196,-0.03425504035260135,0.4688796680497926,0.42764578833693306,0.00020659576096105286,0.0001893794475476318,-1.721631341342105e-05,108,99,522760,0.0009008699502612904,0.0008283422847741526
test,India_399883,India,False,,,0.8978680898028751,0.8956526608291512,-0.002215428973723954,0.94618598060325,0.9449543994387622,0.0037205146085525906,0.0037038119616006147,-1.670264695197588e-05,891,887,239483,0.5165707178800468,0.5132706900301008
valid,Somalia_256539,Somalia,False,,,0.0,0.0,0.0,,,0.00016913821792316554,0.0001531386567682715,-1.599956115489403e-05,74,67,437512,0.0005333116393005482,0.00042936106553857696
valid,India_244057,India,False,,,0.0,0.0,0.0,,,9.523990933160631e-05,7.936659110967192e-05,-1.5873318221934388e-05,30,25,314994,0.000386203803484555,0.00021178918255604628
test,India_44475,India,False,,,0.0,0.0,0.0,,,7.900949077419666e-05,6.359300476947535e-05,-1.5416486004721306e-05,41,33,518925,0.00047660228692226385,0.00041894878447199
test,USA_778194,USA,False,,,0.7120239623448866,0.6929898648648649,-0.019034097480021717,0.8317920519870032,0.8186580194562235,0.0005211037400249976,0.0005057206037880973,-1.538313623690034e-05,271,263,520050,0.015888884649139543,0.015949937039722212
valid,USA_741073,USA,False,,,0.5561891185554764,0.5362184679472345,-0.01997065060824188,0.7148091603053436,0.6981018379029827,0.0005926181640344063,0.000577275298946137,-1.534286508826936e-05,309,301,521415,0.012113003834194915,0.012448734334166302
test,Paraguay_790830,Paraguay,False,,,0.9361604829121063,0.9346770276833414,-0.0014834552287649183,0.967027776028217,0.9662357223547131,0.0010395251989782227,0.0010247352063098335,-1.478999266838919e-05,492,485,473293,0.120831243611193,0.12170414128691151
valid,Mekong_1413877,Mekong,False,,,0.4424477901894123,0.4271137026239067,-0.015334087565505639,0.6134680134680136,0.5985699693564862,0.0009225579090772271,0.0009088759061883699,-1.3682002888857226e-05,472,465,511621,0.013340182435167025,0.013083341116403599
test,USA_66511,USA,False,,,0.09214002642007926,0.07881609577652145,-0.013323930643557816,0.16873299062594496,0.14611590628853266,0.0001013587813997074,8.79717725355951e-05,-1.338700886411231e-05,53,46,522895,0.0022125919370097964,0.0019722586748863184
valid,Paraguay_153941,Paraguay,False,,,0.0109204368174727,0.0,-0.0109204368174727,0.02160493827160494,,1.3378258800505316e-05,0.0,-1.3378258800505316e-05,7,0,523237,2.6702880859375e-05,0.0
valid,Paraguay_1019808,Paraguay,False,,,0.4555164060779564,0.46634297064665636,0.010826564568699959,0.6259172403358801,0.636062612883805,0.0009211816352311841,0.0009078034787029304,-1.3378156528253771e-05,482,475,523241,0.030704498291015625,0.03096771240234375
valid,Sri-Lanka_612594,Sri-Lanka,False,,,0.9523189219539584,0.9497531814682306,-0.0025657404857277744,0.975577208462273,0.9742291388421114,6.570040147638188e-05,5.396818692702797e-05,-1.1732214549353912e-05,28,23,426177,0.16709136962890625,0.1639556884765625
valid,Spain_1199913,Spain,False,,,0.7926619694105517,0.7805881848580982,-0.012073784552453448,0.8843406988448449,0.8767756536813214,0.0006199676369095198,0.0006082701343263213,-1.1697502583198549e-05,318,312,512930,0.0410958904109589,0.04072967807646971
test,USA_527077,USA,False,,,0.5854341736694678,0.5684551341350601,-0.016979039534407714,0.7385159010600706,0.7248599233264523,0.00044189298537927236,0.00043041524549929127,-1.1477739879981093e-05,231,225,522751,0.006676153162398379,0.006657078439077241
valid,USA_986268,USA,False,,,0.7029898458066942,0.6853049907578558,-0.017684855048838433,0.8255948766079612,0.8132711817932547,0.0007532337433422932,0.0007417631787228673,-1.1470564619425836e-05,394,388,523078,0.034415140983431444,0.034880571334831356
test,Mekong_382276,Mekong,False,,,0.9206723958825196,0.9175704989154013,-0.0031018969671182672,0.9586980037368473,0.9570135746606334,6.499092038612253e-05,5.352193443563032e-05,-1.1468985950492208e-05,34,28,523150,0.04017381948868991,0.040150928423454184
test,Nigeria_417184,Nigeria,False,,,0.011560693641618497,0.015173410404624277,0.0036127167630057803,0.022857142857142854,0.029893238434163697,0.0001377268188548015,0.0001291188926763764,-8.607926178425099e-06,16,15,116172,0.00027086966090504323,0.00035551642993786927
test,Pakistan_664885,Pakistan,False,,,0.5243393602225312,0.5231121281464531,-0.0012272320760781108,0.687956204379562,0.6868990384615384,8.057303542796368e-06,0.0,-8.057303542796368e-06,1,0,124111,0.05743048897411313,0.058526229283659775
valid,Paraguay_76868,Paraguay,False,,,0.8861388756676715,0.8781997038290671,-0.007939171838604375,0.9396326931165009,0.9351505082645791,0.0006798664122137405,0.0006719147582697201,-7.951653944020319e-06,342,338,503040,0.06860190522697533,0.06802202036464075
valid,Ghana_308249,Ghana,False,,,0.694071373752878,0.6790488922841864,-0.015022481468691562,0.8194121977461918,0.8088494568617414,0.0005737772329019166,0.0005661268697965577,-7.650363105358928e-06,300,296,522851,0.036731719970703125,0.036441802978515625
test,Paraguay_1029191,Paraguay,False,,,0.9185614130224271,0.911323275945543,-0.0072381370768841435,0.9575522647204305,0.9536045392370434,0.001346197518782382,0.0013391738795539522,-7.023639228429836e-06,575,572,427129,0.19188617649259462,0.1904369981530852
test,Sri-Lanka_713926,Sri-Lanka,False,,,0.9722376183965808,0.9689447879967479,-0.003292830399832969,0.9859234093577477,0.984227484593487,0.000348476990914903,0.0003429891642863219,-5.487826628581107e-06,127,125,364443,0.30376491774257547,0.3026623019869975
bolivia,Bolivia_76104,Bolivia,True,neutral,bolivia_Bolivia_76104.png,0.0,0.0,0.0,,,3.452846074778022e-05,2.921638986350634e-05,-5.31207088427388e-06,13,11,376501,6.807530175686644e-05,0.00015186028853454822
valid,Mekong_977338,Mekong,False,,,0.9563315550695296,0.9565262548778135,0.00019469980828390465,0.9776784028160715,0.9777801371109628,0.00023076854802204727,0.00022633069132931558,-4.437856692731686e-06,52,51,225334,0.3775811209439528,0.3746482216119079
valid,USA_251323,USA,False,,,0.190176322418136,0.16170763260025872,-0.028468689817877285,0.31957671957671957,0.27839643652561247,6.720430107526882e-05,6.336405529953917e-05,-3.840245775729647e-06,35,33,520800,0.0009577149687018748,0.0007776645545859224
valid,Ghana_124834,Ghana,True,neutral,valid_Ghana_124834.png,,,,,,0.0,0.0,0.0,0,0,523256,0.0,0.0
valid,Ghana_132163,Ghana,False,,,,,,,,0.0,0.0,0.0,0,0,110411,0.0,0.0
valid,Ghana_142312,Ghana,False,,,,,,,,0.0,0.0,0.0,0,0,523239,0.0,0.0
valid,Pakistan_210595,Pakistan,False,,,,,,,,0.0,0.0,0.0,0,0,523258,0.0,0.0
valid,Paraguay_205585,Paraguay,False,,,,,,,,0.0,0.0,0.0,0,0,523254,0.0,0.0
valid,Paraguay_252217,Paraguay,False,,,0.0,0.0,0.0,,,0.0,0.0,0.0,0,0,510260,0.0,0.0
valid,Paraguay_7894,Paraguay,False,,,,,,,,0.0,0.0,0.0,0,0,403126,0.0,0.0
test,Ghana_141271,Ghana,True,neutral,test_Ghana_141271.png,0.0,0.0,0.0,,,0.0,0.0,0.0,0,0,523256,0.0,0.0
test,Ghana_167233,Ghana,False,,,,,,,,0.0,0.0,0.0,0,0,523253,0.0,0.0
test,Ghana_53713,Ghana,False,,,,,,,,0.0,0.0,0.0,0,0,523251,0.0,0.0
test,Pakistan_70625,Pakistan,False,,,0.25242556038808966,0.24723734125020616,-0.005188219137883504,0.40309870442099643,0.3964559640306797,0.0,0.0,0.0,0,0,518771,0.0107574462890625,0.011043548583984375
test,Paraguay_34417,Paraguay,False,,,0.0,0.0,0.0,,,0.0,0.0,0.0,0,0,99529,0.0,0.0
test,Paraguay_40936,Paraguay,False,,,,,,,,0.0,0.0,0.0,0,0,429231,0.0,0.0
test,USA_758178,USA,False,,,0.3715982187036121,0.35347721822541966,-0.01812100047819243,0.5418470418470418,0.5223245924875974,0.00023147395344121422,0.00023147395344121422,0.0,121,121,522737,0.004406160231638138,0.00459690309880862
valid,Ghana_1033830,Ghana,False,,,0.925951740521862,0.922931168206407,-0.00302057231545505,0.9615523806125725,0.9599211697912837,0.0015077197420172205,0.0015098891229409863,2.1693809237658367e-06,695,696,460961,0.42609624017596437,0.4247027599483769
test,Mekong_254910,Mekong,False,,,0.036935704514363885,0.03815580286168521,0.0012200983473213273,0.07124010554089709,0.07350689127105665,0.00033933814308266573,0.0003417971151339894,2.458972051323652e-06,138,139,406674,0.003031703934402297,0.002520742597143483
test,Paraguay_80102,Paraguay,False,,,0.14285714285714285,0.125,-0.01785714285714285,0.25,0.2222222222222222,1.1466772160970548e-05,1.528902954796073e-05,3.8222573869901815e-06,6,8,523251,0.00012970020179825514,0.00012207077816306366
valid,Pakistan_94095,Pakistan,False,,,0.6425518273135286,0.6370667126540467,-0.005485114659481871,0.7823824084314619,0.7783026894746652,0.003526181114647694,0.0035313819717489444,5.20085710125056e-06,678,679,192276,0.3843495597275295,0.3867807498477045
test,Somalia_94102,Somalia,False,,,0.8657462844262872,0.8610193321616871,-0.0047269522646000706,0.928042887345213,0.9253201374985834,0.00041720555717802163,0.00042554966832158205,8.34411114356042e-06,200,204,479380,0.05715114352005303,0.05708899569108386
valid,Sri-Lanka_236030,Sri-Lanka,False,,,0.4272988505747126,0.39074618882054024,-0.03655266175417238,0.5987517616267365,0.5619230769230769,0.0005331898449346964,0.0005429731448417551,9.783299907058685e-06,218,222,408860,0.015789371530608283,0.016919956523426885
test,Ghana_406026,Ghana,False,,,0.8214361364117772,0.8173728813559322,-0.004063255055844928,0.9019653448075357,0.8995103753788762,0.0001644246285150544,0.00017589611422540706,1.1471485710352647e-05,86,92,523036,0.01638031005859375,0.016300201416015625
valid,Nigeria_31096,Nigeria,False,,,0.024193548387096774,0.027901785714285716,0.0037082373271889423,0.04724409448818897,0.054288816503800214,3.718863236480189e-05,4.881007997880248e-05,1.1621447614000589e-05,16,21,430239,0.00033565224588136304,0.00048278747695264544
test,India_900498,India,False,,,0.8751681262516066,0.8700991193540436,-0.005069006897562955,0.9334289699143257,0.9305379702596588,0.004853848478055342,0.004868468503591653,1.4620025536310824e-05,1992,1998,410396,0.48473617515038625,0.48251091636385846
test,Ghana_1078550,Ghana,False,,,0.10113864701942397,0.08045977011494253,-0.020678876904481447,0.18369829683698297,0.14893617021276598,7.07120319389048e-05,8.600111992569503e-05,1.5289087986790226e-05,37,45,523249,0.000904083251953125,0.000728607177734375
valid,Somalia_61368,Somalia,False,,,0.0,0.0,0.0,,,1.1840709305850258e-05,3.5522127917550775e-05,2.368141861170052e-05,5,15,422272,4.225967159539651e-05,7.982382412463786e-05
test,Pakistan_167553,Pakistan,False,,,0.0,0.0,0.0,,,4.879099968692442e-05,7.318649953038663e-05,2.4395499843462213e-05,24,36,491894,0.000493717245705267,0.0002468586228526335
valid,Somalia_167787,Somalia,False,,,0.3870967741935484,0.4376899696048632,0.05059319541131485,0.5581395348837209,0.6088794926004228,0.00022240666944866076,0.00024762804433459134,2.522137488593059e-05,97,108,436138,0.0011246910500895672,0.0011246910500895672
valid,Paraguay_284928,Paraguay,False,,,0.0,0.0,0.0,,,0.0019782526008765475,0.002008834283595412,3.0581682718864526e-05,1035,1051,523189,0.0788421630859375,0.070159912109375
test,Mekong_45934,Mekong,False,,,0.2631578947368421,0.24749163879598662,-0.015666255940855467,0.4166666666666667,0.3967828418230563,0.00012246530309205754,0.00016264923066913894,4.018392757708139e-05,64,85,522597,0.0015275396301062786,0.0017184820838695633
valid,Sri-Lanka_85652,Sri-Lanka,False,,,0.10675589547482472,0.09020698177324683,-0.01654891370157789,0.19291678663979267,0.16548597336355908,0.0006279627204570343,0.0006713585182121952,4.339579775516087e-05,246,263,391743,0.007762149892586437,0.00804588383121884
test,Paraguay_271769,Paraguay,False,,,0.4305473808122425,0.36300285080772887,-0.0675445300045136,0.6019337584859082,0.5326516383918197,0.0001529753709652746,0.00019695579011779103,4.398041915251643e-05,80,103,522960,0.008575439453125,0.00644683837890625
valid,Ghana_895194,Ghana,False,,,0.7957254859843196,0.7765489101256309,-0.019176575858688705,0.886244019138756,0.8742218192807496,0.0001468125798541397,0.00019839537818126988,5.1582798327130173e-05,74,100,504044,0.031748355796854845,0.031055851463756303
bolivia,Bolivia_23014,Bolivia,False,,,0.9415858811831966,0.9350778816199377,-0.0065079995632589815,0.9699142235309179,0.966449867988924,8.758123159230185e-05,0.00014513461235295737,5.755338076065552e-05,35,58,399629,0.0374357334148053,0.036991774831844716
valid,Paraguay_172476,Paraguay,False,,,0.42358328563251285,0.33102409638554214,-0.09255918924697071,0.5950944913550463,0.497397601267255,0.000275569606203378,0.0003348936186499386,5.932401244656058e-05,144,175,522554,0.008235962814189202,0.006118797755423566
test,Paraguay_651904,Paraguay,False,,,0.7524347885309541,0.7509740695955932,-0.0014607189353609273,0.8587307139248378,0.8577786303472089,0.0009303832431332317,0.001007222930624146,7.683968749091434e-05,448,485,481522,0.09272003173828125,0.09526824951171875
bolivia,Bolivia_195474,Bolivia,False,,,0.1784133469526728,0.20758790869833435,0.029174561745661548,0.30280265819127417,0.3438058748403576,0.0010125591858103637,0.0010911859407691231,7.86267549587594e-05,528,569,521451,0.007308626858247078,0.009045860676908948
test,India_80221,India,False,,,0.9461333783840858,0.9482690011937923,0.0021356228097064722,0.9723212076755805,0.9734477124183006,0.005134562977344765,0.005216435279944795,8.18723026000303e-05,439,446,85499,0.7634541777288808,0.7616029724690861
valid,India_180633,India,False,,,0.9147085304150445,0.911855950767984,-0.002852579647060538,0.9554545936208542,0.9538960823922906,0.0030291458531148084,0.003127193163522272,9.80473104074636e-05,587,606,193784,0.4571662969827717,0.4571237580140379
valid,Paraguay_648632,Paraguay,False,,,0.6568849672144418,0.6605018211250506,0.0036168539106088415,0.7929155978991084,0.7955448319563256,0.0029948588574814135,0.0031286432352884965,0.000133784377807083,1567,1637,523230,0.08598709106445312,0.08635330200195312
test,Nigeria_812045,Nigeria,False,,,0.9345293036391893,0.9334828160651829,-0.0010464875740063828,0.9661567823047968,0.965597220010372,0.0014158904009481897,0.0015757489946036307,0.00015985859365544091,620,690,437887,0.5275540411750318,0.5261792910337615
valid,Pakistan_1027214,Pakistan,True,regression,valid_Pakistan_1027214.png,0.7316436568445635,0.7378777472527472,0.00623409040818379,0.8450279639839753,0.8491710632916394,0.002244568145088885,0.0027418263187701146,0.0004972581736812295,650,794,289588,0.16703783389322965,0.1682016633324526
test,Sri-Lanka_534068,Sri-Lanka,True,regression,test_Sri-Lanka_534068.png,0.9978457812245278,0.9976173568182788,-0.00022842440624903926,0.998921729196659,0.9988072574692102,0.0014677948540839233,0.0029355897081678466,0.0014677948540839233,17,34,11582,0.9820747375488281,0.982330322265625
