split,tile_idx,d8_vf_gt_w,d8_vf_pred_w,d8_H_R_w,d8_H_R_uw,d8_E_gt,d8_E_yhat,d8_E_soft,d8_dE_w,d8_n_active,d4_vf_gt_w,d4_vf_pred_w,d4_H_R_w,d4_E_gt,d4_E_yhat,d4_dE_w,d4_n_active
val,0,0.009538847716844726,0.0008725732427771995,-0.008666274474067526,-0.005247035140694039,0.008608809906581227,0.0007874973423972729,1.0811401889946337e-05,-0.007821312564183953,228510,0.011538911256870277,0.0009146364718413125,-0.010624274785028965,0.010413867008704726,0.0008254594063513362,-0.00958840760235339,460961
val,1,0.0,0.0,0.0,0.0,0.0,0.0,0.0,0.0,261262,0.0,0.0,0.0,0.0,0.0,0.0,523256
val,2,0.0,0.0,0.0,0.0,0.0,0.0,3.802841517152538e-10,0.0,54773,0.0,0.0,0.0,0.0,0.0,0.0,110411
val,3,0.0,0.0,0.0,0.0,0.0,0.0,0.0,0.0,260508,0.0,0.0,0.0,0.0,0.0,0.0,523239
val,4,0.0031341672464286034,0.0004347897737402227,-0.002699377472688381,-0.001660879919537876,0.002828585996309572,0.00039239774335893935,3.6363617270349196e-06,-0.0024361882529506324,259501,0.0031033759882934556,0.0005222460800728856,-0.00258112990822057,0.0028007967367804755,0.0004713270835154834,-0.0023294696532649923,522851
val,5,0.004254398862509994,0.0003811311134580098,-0.0038732677490519846,-0.0033325499593544355,0.0038395948163422863,0.0003439708309942663,3.839532972287632e-06,-0.00349562398534802,259561,0.00405750971862117,0.0003801368003325607,-0.0036773729182886096,0.003661902412770064,0.00034307344968665526,-0.003318828963083409,523247
val,6,0.004869853647942273,0.000894561826333817,-0.003975291821608456,-0.0032573289902280006,0.004395042931446435,0.0008073420346330649,1.196007153725635e-05,-0.0035877008968133698,252354,0.004931779293199513,0.0009635788441388895,-0.003968200449060624,0.004450930682406406,0.0008696299098571757,-0.0035813007725492303,509822
val,7,0.0004134789564834312,0.0006315248084111462,0.00021804585192771505,0.00013991884706869958,0.0003731647032074466,0.0005699510691992955,6.147586109479814e-07,0.00019678636599184887,250145,0.0005005026296992076,0.0005895440516777177,8.904142197851007e-05,0.00045170360437053,0.0005320635023524221,8.035989798189209e-05,504044
val,8,0.013028319072689894,0.006756398376258959,-0.006271920696430935,-0.005949540262797685,0.011758056679683356,0.006097649645890688,0.00026276973405484793,-0.0056604070337926676,31431,0.010823616111733407,0.0056644425537466965,-0.00515917355798671,0.009768313437750916,0.005112158825472378,-0.004656154612278538,62883
val,9,0.00996678020738422,0.0018093349078242902,-0.00815744529955993,-0.015295283954114086,0.008995018846930294,0.0016329245645430605,2.326344122625405e-05,-0.007362094282387233,247135,0.007910532705880075,0.0015450605096268765,-0.006365472196253198,0.007139255524152813,0.0013944170695749311,-0.005744838454577882,499829
val,10,0.008985387701067089,0.0011503202765155694,-0.00783506742455152,-0.013327214490418956,0.00810931177153709,0.001038164041785648,2.8313011112487254e-05,-0.007071147729751442,213548,0.0077649392021287116,0.0011864945513638595,-0.006578444650764852,0.007007857769182955,0.0010708113138193295,-0.005937046455363626,432436
val,11,0.002995895658684168,0.0002813462967738984,-0.0027145493619102697,-0.005644770669548011,0.00270379592137272,0.00025391502320964624,3.92981915232387e-06,-0.0024498808981630736,161034,0.002448823480946769,0.00019014827793593366,-0.0022586752030108355,0.0022100631363788296,0.00017160881394022646,-0.002038454322438603,323397
val,12,0.0006024536153030498,2.238763998311593e-05,-0.0005800659753199339,-0.0012640362305353882,0.0005437143739358835,2.0204845136924228e-05,1.910354229382347e-07,-0.0005235095287989593,257904,0.0004410591981381735,1.3076343463255644e-05,-0.00042798285467491784,0.0003980559252080827,1.1801399444867398e-05,-0.0003862545257632153,516944
val,13,0.01065599341738631,0.004231211372742705,-0.006424782044643605,-0.00638442618661357,0.0096170335784047,0.0038186681928750205,0.0003744860985691277,-0.005798365385529679,95545,0.008875099210911475,0.0037773596215517793,-0.005097739589359695,0.008009776752495876,0.0034090670528988906,-0.004600709699596986,193784
val,14,1.928498507221612e-05,0.0007135444476719965,0.0006942594625997803,0.0006865294031643877,1.7404698905064415e-05,0.0006439738502915859,3.8565470334199756e-05,0.0006265691513865215,157313,2.0779296698763013e-05,0.0006398759036797656,0.0006190966069810025,1.875331455138315e-05,0.0005774879948509831,0.0005587346802995999,314994
val,15,0.013002265514067224,0.005852175997929075,-0.007150089516138149,-0.005833271800930316,0.011734544867135908,0.00528158884028001,0.00019336564906386082,-0.006452956026855898,108344,0.01045407716971585,0.0047718573920673135,-0.005682219777648536,0.00943480427804422,0.004306601170768245,-0.005128203107275974,219861
val,16,0.0018995754399585057,0.00015345233671989607,-0.0017461231032386098,-0.003065653064250466,0.0017143668730060237,0.000138490727711291,1.6256000289410033e-06,-0.0015758761452947328,249539,0.0016065466675522417,0.00017138640263178432,-0.0014351602649204573,0.0014499083033555139,0.0001546762169596638,-0.00129523208639585,503002
val,17,0.0006041855090321879,3.951547552566357e-05,-0.0005646700335065242,-0.0009279799202821019,0.0005452773981905191,3.566271464647378e-05,3.273630075061494e-06,-0.0005096146835440454,226298,0.0006303672196894529,8.221571897522148e-05,-0.0005481515007142314,0.0005689064249685646,7.41996830429069e-05,-0.0004947067419256577,456520
val,18,4.2316288325914e-05,0.00029019512319794906,0.00024787883487203504,0.0002506736855298605,3.819045071840138e-05,0.00026190108876895707,1.7907353770556594e-05,0.00022371063805055568,239355,5.3494410378301694e-05,0.00023613090717602896,0.00018263649679772727,4.827870499851782e-05,0.00021310814267522482,0.00016482943767670701,479475
val,19,0.005415932181935039,0.0005917510856963611,-0.004824181096238678,-0.0069996040157461565,0.004887878727069649,0.0005340553418486968,9.030633592510668e-06,-0.004353823385220952,171724,0.004571207304005164,0.0005411639174989924,-0.004030043386506171,0.004125514488939594,0.0004884004241768824,-0.0036371140647627116,347090
val,20,0.004536682185952033,0.0008269471196710002,-0.0037097350662810323,-0.0075063518851653,0.004094355444834931,0.0007463197525078595,1.1013648213116871e-05,-0.0033480356923270716,215684,0.0040321670841964976,0.0007241434993679037,-0.0033080235848285938,0.003639030649713309,0.0006535394821762385,-0.0029854911675370704,436060
val,21,0.0014898093263337607,0.00010205237126949089,-0.0013877569550642698,-0.002820449417364685,0.001344552850217559,9.210226697320901e-05,1.4269587909912573e-06,-0.00125245058324435,258824,0.0012590311024403816,8.001352432606453e-05,-0.001179017578114317,0.0011362755218269822,7.2212205123678e-05,-0.0010640633167033043,521609
val,22,0.006167213954230033,0.001857782674192115,-0.004309431280037918,-0.004620167210348433,0.005565909895738863,0.0016766487662214365,4.1525374669069884e-05,-0.003889261129517427,221637,0.0053733508004838405,0.001739778647273861,-0.0036335721532099793,0.004849449045914388,0.0015701501652301965,-0.0032792988806841917,445697
val,23,0.0014421091125478148,0.00019576346636353907,-0.0012463456461842758,-0.0012191812607907327,0.0013015034195647238,0.00017667653877589005,4.261471818609149e-06,-0.0011248268807888338,254269,0.0013230665696464577,0.00019728926273120828,-0.0011257773069152494,0.0011940675724827561,0.0001780535521231309,-0.0010160140203596252,511621
val,24,0.0011774345377918913,0.00015888338440606055,-0.0010185511533858309,-0.0017211196128956033,0.0010626345706187454,0.0001433922542889626,3.3126653808118208e-06,-0.0009192423163297828,203356,0.00136572495189784,0.0002400780252321232,-0.001125646926665717,0.0012325667218291035,0.00021667041753765053,-0.001015896304291453,409843
val,25,0.0018056894923526884,0.0003176615870649821,-0.0014880279052877064,-0.004745003947781942,0.0016296347080503953,0.0002866895887194118,3.4467015977301544e-06,-0.0013429451193309834,260906,0.0015230215391065429,0.00026844319910982324,-0.0012545783399967197,0.0013745268899232582,0.0002422699835328218,-0.0011322569063904363,523183
val,26,0.000794578408771117,9.940531610002827e-05,-0.0006951730926710887,-0.0005871520456910994,0.0007171069829851771,8.97133013189637e-05,2.912751996921652e-06,-0.0006273936816662135,112407,0.0009406500803431948,0.00019050888838808764,-0.0007501411919551072,0.0008489366391570777,0.00017193427040466038,-0.0006770023687524174,225334
val,27,0.00513248629448607,0.0010591708512019207,-0.00407331544328415,-0.0047648101339376045,0.004632068716592354,0.0009559016854444006,1.2052080964832602e-05,-0.0036761670311479533,103257,0.004742884551788333,0.0009830744560773163,-0.003759810095711017,0.004280453077388573,0.0008872246692240357,-0.003393228408164537,206992
val,28,0.00938579024719801,0.002616453371369626,-0.006769336875828385,-0.012575291554530259,0.008470675960277032,0.0023613491948553753,7.901268989344471e-05,-0.006109326765421657,249696,0.0072101853737705154,0.0019751546803202288,-0.005235030693450287,0.006507192084721464,0.001782577017688351,-0.004724615067033113,501695
val,29,0.0010324617971103763,3.0521887554626557e-05,-0.0010019399095557498,-0.0010984593523296635,0.0009317967505770903,2.7546003356573012e-05,1.9257957922398965e-06,-0.0009042507472205173,213936,0.000890085171186139,5.774605032571133e-05,-0.0008323391208604277,0.0008033018297221652,5.211580840167079e-05,-0.0007511860213204943,430239
val,30,0.0004344252917264606,2.4274774809233054e-05,-0.0004101505169172275,-0.0008849896559650567,0.0003920688356748835,2.1907984708247135e-05,1.4855056006156962e-07,-0.00037016085096663637,261020,0.0004529770051113215,2.5873938689047832e-05,-0.0004271030664222737,0.0004088117235494801,2.335122883445986e-05,-0.00038546049471502026,523251
val,31,0.012382837349464756,0.0013010429900082228,-0.011081794359456533,-0.009808416282411813,0.011175511640421736,0.0011741912076834676,2.2477861857442047e-05,-0.010001320432738268,226846,0.012029786478614237,0.0013085499078158722,-0.010721236570798365,0.010856882109192906,0.00118096628033275,-0.009675915828860156,459815
val,32,0.0031071903000323858,0.004300872959386115,0.001193682659353729,0.002614974761637671,0.0028042392285299645,0.0038815376546041296,3.0707709073622535e-06,0.001077298426074165,142640,0.0026031272948859596,0.003760624086452754,0.0011574967915667944,0.002349322360347186,0.0033939630909803594,0.0010446407306331732,289588
val,33,0.0,0.0,0.0,0.0,0.0,0.0,0.0,0.0,261425,0.0,0.0,0.0,0.0,0.0,0.0,523258
val,34,0.0,0.0,0.0,0.0,0.0,0.0,5.95815108405667e-09,0.0,129632,0.0,0.0,0.0,0.0,0.0,0.0,262556
val,35,0.00022966029948140186,0.0,-0.00022966029948140186,-0.000253204620984332,0.00020726841397776587,0.0,8.236046737474323e-09,-0.00020726841397776587,252760,0.00021058221255983522,0.0,-0.00021058221255983522,0.0001900504441768333,0.0,-0.0001900504441768333,510926
val,36,0.013407451184778296,0.005871264241856629,-0.007536186942921667,-0.0068899501399027315,0.012100225457830398,0.005298815991593654,3.8867795435514045e-05,-0.006801409466236744,95066,0.010978639228140392,0.004504152284977278,-0.006474486943163114,0.009908221782844126,0.004064997133866153,-0.005843224648977973,192276
val,37,0.00011743184651721948,0.0,-0.00011743184651721948,-6.289590727346186e-05,0.00010598223429783286,0.0,0.0,-0.00010598223429783286,111295,0.0002053121491136234,0.0,-0.0002053121491136234,0.00018529420223622523,0.0,-0.00018529420223622523,225508
val,38,0.0004114651343774088,0.00024956955770708553,-0.00016189557667032326,-7.346373791231487e-05,0.0003713472875502074,0.00022523652205604875,8.652554789117046e-07,-0.00014611076549415864,258631,0.0003344347872144465,0.00020809482263803728,-0.00012633996457640922,0.00030182738476409093,0.00018780557627440196,-0.00011402180848968897,523241
val,39,0.0005176665825688331,0.0,-0.0005176665825688331,-0.0004279644178155457,0.0004671940690085656,0.0,0.0,-0.0004671940690085656,261704,0.0004557513330954011,0.0,-0.0004557513330954011,0.00041131556164405254,0.0,-0.00041131556164405254,523237
val,40,0.001259619317512527,2.3101177193215295e-05,-0.0012365181403193115,-0.0006151965146602466,0.0011368064309447978,2.08488121776262e-05,2.433630059521244e-07,-0.0011159576187671717,258454,0.0014166313321439935,3.159356813945011e-05,-0.0013850377640045434,0.0012785097363836532,2.851319418341381e-05,-0.0012499965422002393,522554
val,41,0.0,0.0,0.0,0.0,0.0,0.0,0.0,0.0,260229,0.0,0.0,0.0,0.0,0.0,0.0,523254
val,42,0.0003120424747430834,0.0,-0.0003120424747430834,-0.00036429587092174547,0.00028161832736439224,0.0,0.0,-0.00028161832736439224,255287,0.00022017811626479208,0.0,-0.00022017811626479208,0.00019871075170280097,0.0,-0.00019871075170280097,510260
val,43,0.0,0.0006647208757943136,0.0006647208757943136,0.002166704712969654,0.0,0.0005999105530957941,7.442815467711583e-07,0.0005999105530957941,258457,0.0,0.0005454459726179013,0.0005454459726179013,0.0,0.0004922649726722561,0.0004922649726722561,523189
val,44,0.018840793410571603,0.00646201377542514,-0.012378779635146463,-0.014189624273644794,0.017003816085553947,0.005831967291092522,1.1054443714427344e-05,-0.011171848794461425,257794,0.016400841696599465,0.0053087725909596135,-0.01109206910563985,0.014801759112016434,0.004791167283857865,-0.010010591828158569,522722
val,45,0.021914719807417986,0.005522431787713748,-0.016392288019704236,-0.018900829745263095,0.01977803321938329,0.0049839945934370454,8.72532642901783e-06,-0.014794038625946245,258031,0.018289528235785737,0.004729732863345122,-0.013559795372440616,0.016506299244029073,0.004268583657999061,-0.012237715586030012,523240
val,46,0.0025872309022137185,0.0015674424443212545,-0.001019788457892464,-0.0014216540770869593,0.0023349756689878165,0.001414616754127091,1.3448666313416843e-05,-0.0009203589148607256,258150,0.0020562348319771288,0.0011934703457390414,-0.0008627644862380874,0.001855751888322449,0.0010771069686938198,-0.0007786449196286291,523230
val,47,0.0024355952664526226,0.0010838270548748576,-0.001351768211577765,-0.002583422047648753,0.00219812467308905,0.000978153935674612,5.178556583052959e-05,-0.0012199707374144378,217928,0.0022073350347695535,0.0010554477067574002,-0.0011518873280121533,0.0019921198019368447,0.0009525415547989421,-0.0010395782471379026,441932
val,48,0.0017054431466193773,0.0005282943081022376,-0.0011771488385171397,-0.0009493123519213482,0.0015391623394105064,0.00047678562071573605,1.422805175175685e-05,-0.0010623767186947702,248601,0.001527017101314991,0.0004849889442193569,-0.0010420281570956342,0.0013781328652865171,0.0004377025198077804,-0.0009404303454787367,503040
val,49,0.0,0.0,0.0,0.0,0.0,0.0,0.0,0.0,200837,0.0,0.0,0.0,0.0,0.0,0.0,403126
val,50,0.0016298548713184788,0.00040867797327074745,-0.0012211768980477313,-0.0019493273831021915,0.001470943969245961,0.00036883188820131037,1.369473146681879e-05,-0.0011021120810446507,202121,0.001463074535018879,0.00047695258266774256,-0.0009861219523511365,0.0013204247547204157,0.0004304496765490859,-0.0008899750781713298,408548
val,51,0.0017365619584789082,0.0009258702627928404,-0.0008106916956860678,-0.001806974845517186,0.0015672471328628086,0.0008355978464432228,3.1829669511333334e-07,-0.0007316492864195858,258443,0.001532831213302169,0.0007892843966529475,-0.0007435468166492215,0.0013833801271911285,0.000712329164476315,-0.0006710509627148135,523188
val,52,0.013184737768461763,0.008076879739821848,-0.005107858028639915,-0.006889339313437949,0.01189922502996194,0.00728938368370278,0.00012536350390960594,-0.00460984134625916,185504,0.011338731586173961,0.00672634270165396,-0.004612388884520001,0.010233204933888523,0.006070523861373792,-0.004162681072514731,377180
val,53,7.763081822859206e-05,0.0005363132973104686,0.00045868247908187657,0.0003815746001610041,7.006181659619907e-05,0.00048402274802723593,1.128315290033166e-05,0.00041396093143103685,214899,7.419041392907632e-05,0.0004306196423230356,0.0003564292283939593,6.695684681210415e-05,0.0003886342050192659,0.00032167735820716177,436138
val,54,6.372529754345159e-05,0.0001657975101799985,0.00010207221263654691,0.00011606313834726037,5.7512076012575175e-05,0.00014963225293744865,6.459940693037252e-06,9.212017692487347e-05,215400,5.887199864284661e-05,0.00015736803280115056,9.849603415830395e-05,5.313197908373287e-05,0.00014202464759737368,8.889266851364082e-05,437512
val,55,0.0,0.0006933250094508772,0.0006933250094508772,0.0007705782687355779,0.0,0.0006257257647182987,4.728655042543532e-05,0.0006257257647182987,208934,0.0,0.000667685044985972,0.000667685044985972,0.0,0.0006025857370709683,0.0006025857370709683,422272
val,56,0.0013376007795548968,0.0006161572916352041,-0.0007214434879196926,-0.0007997969377834571,0.0012071845964468457,0.0005560819783718813,1.4406065846954387e-05,-0.0006511026180749644,208803,0.0012275553153398315,0.0005872088982885818,-0.0006403464170512496,0.0011078686468647043,0.0005299560286029872,-0.0005779126182617171,423172
val,57,0.0004100829595381718,7.341405021200102e-05,-0.00033666890932617077,-0.0009617790566745865,0.0003700998228856576,6.625617633474628e-05,2.8075621500555083e-06,-0.0003038436465509113,255776,0.00035209709744728467,7.17873025574172e-05,-0.0002803097948898675,0.0003177676241473214,6.47880401819564e-05,-0.00025297958396536496,512930
val,58,0.01074599611853582,0.002738835593725167,-0.008007160524810654,-0.012564426405732009,0.009698260618607145,0.002471799179233327,4.974031772637926e-05,-0.007226461439373818,244659,0.010214222203127636,0.0026294634231293153,-0.007584758779998322,0.009218335757661154,0.0023730907103852064,-0.006845245047275947,494312
val,59,0.003053373525125196,0.00023596014823562517,-0.002817413376889571,-0.0019106345844081382,0.0027556694556056527,0.00021295403742084955,1.0430915719862063e-05,-0.0025427154181848033,260123,0.0024171159342851554,0.0002129787775350489,-0.0022041371567501065,0.002181446950757023,0.0001922133446630856,-0.0019892336060939376,522495
val,60,0.0009452995265953923,2.1722802551132843e-05,-0.0009235767240442595,-0.0010228069451890915,0.0008531328749343844,1.9604826828568303e-05,1.4637206612429694e-06,-0.0008335280481058161,242470,0.0006638733143436448,2.5526639522221278e-05,-0.0006383466748214235,0.0005991456300705396,2.303779130313413e-05,-0.0005761078387674055,485597
val,61,0.006858976832066754,0.002027835883917499,-0.004831140948149255,-0.007321090371878961,0.006190225822137066,0.0018301218790188055,3.4596026541847196e-05,-0.00436010394311826,259251,0.005759991424132833,0.0016766307189377489,-0.004083360705195084,0.0051983924642480216,0.001513159240043466,-0.0036852332242045555,522922
val,62,0.006563755324703185,0.0018157469132555827,-0.004748008411447601,-0.007899860271947143,0.005923788804705724,0.0016387115586050712,3.011514622070423e-05,-0.004285077246100653,258359,0.006049348820938563,0.0016793524382705037,-0.00436999638266806,0.005459537038373589,0.001515615489487219,-0.00394392154888637,520622
val,63,0.0011570040141861719,3.0319263050236536e-06,-0.0011539720878811482,-0.0018144546405642497,0.0010441960770384302,2.736313400032077e-06,7.707596648916187e-08,-0.0010414597636383982,259031,0.000986306371608948,1.992877076772089e-06,-0.000984313494532176,0.0008901415000442892,1.7985714934467468e-06,-0.0008883429285508424,520227
val,64,0.006230465457006822,0.00032497081885391794,-0.0059054946381529045,-0.010206162167568755,0.005622994594564928,0.0002932861517260513,2.980781135978533e-06,-0.0053297084428388765,259941,0.0049642461833650795,0.0002488722366066289,-0.00471537394675845,0.004480232108504249,0.00022460718415401882,-0.0042556249243502296,521867
val,65,0.0003799088132985495,0.005066289392203458,0.004686380578904909,0.004682808313454234,0.0003428677180208798,0.004572325825107837,1.4607953390088923e-06,0.004229458107086957,204151,0.00041093624412209074,0.004121327420038205,0.003710391175916114,0.00037086996645650555,0.0037194980711972307,0.003348628104740725,408860
val,66,0.0037570152259772554,3.123685118486574e-05,-0.0037257783747923897,-0.002161288576487956,0.003390706207082236,2.8191256879459817e-05,7.597191576351768e-07,-0.0033625149502027763,258642,0.0030158319818266817,2.8892183738778285e-05,-0.0029869397980879036,0.0027217882427216155,2.6075195372652264e-05,-0.0026957130473489635,520186
val,67,0.0003115869314442091,8.075214687152933e-05,-0.0002308347845726798,-0.0002670522041015523,0.0002812072079840369,7.287880675306122e-05,3.3038768413466906e-06,-0.00020832840123097566,217186,0.00023844950354193965,5.295652862484431e-05,-0.00018549297491709534,0.00021520066154046583,4.779326581331294e-05,-0.00016740739572715287,434847
val,68,0.006422410479028182,0.0004500172750129043,-0.005972393204015277,-0.004804956692166629,0.0057962251139692155,0.0004061405758703163,5.457340548213896e-06,-0.0053900845380988995,173987,0.005869126783231415,0.0005348597006504007,-0.005334267082581014,0.005296886505317088,0.0004827108684060023,-0.004814175636911086,351773
val,69,9.281584487641808e-06,1.2811831510970309e-06,-8.000401336544777e-06,-2.355302020378062e-05,8.376629956927857e-06,1.1562678046572892e-06,1.910548255894602e-06,-7.220362152270568e-06,212287,1.4094575751951636e-05,3.0404534902105233e-06,-1.1054122261741112e-05,1.2720353975206651e-05,2.7440092017887903e-06,-9.976344773417861e-06,426177
val,70,0.0011263997454740511,4.7473443754714206e-05,-0.001078926301719337,-0.0023119038125325804,0.0010165758694979695,4.2844779114807506e-05,5.541745316614602e-07,-0.000973731090383162,260824,0.0010152941232655713,3.805062797956035e-05,-0.000977243495286011,0.0009163029476389025,3.434069148548827e-05,-0.0008819622561534143,523227
val,71,0.0005230750150181035,5.7350136006524834e-05,-0.0004657248790115787,-0.000946640194854366,0.0004720751720036197,5.1758499018161016e-05,4.037524503219084e-06,-0.0004203166729854587,195428,0.00040282589652734097,3.323859169585446e-05,-0.0003695873048314865,0.00036355035921156655,2.9997829401137357e-05,-0.0003335525298104292,391743
val,72,0.0008317853325508659,0.00024719192437214183,-0.0005845934081787241,-0.00041456823486058067,0.0007506862714752213,0.00022309070289779325,1.4044209683118897e-05,-0.000527595568577428,260512,0.0007105599196242096,0.00020358825292561897,-0.0005069716666985906,0.0006412803214561462,0.00018373838907066972,-0.00045754193238547655,522382
val,73,0.0004674219951692694,7.844648683265837e-05,-0.00038897550833661104,-0.0006214277494341915,0.0004218483310076152,7.079795523903642e-05,5.66694819422054e-06,-0.0003510503757685788,260690,0.00043612680362666544,6.158007224216877e-05,-0.00037454673138449666,0.0003936044309826315,5.557601261565647e-05,-0.00033802841836697505,522373
val,74,0.0003976999125959974,5.076149937731511e-05,-0.0003469384132186823,-0.0003798021959472406,0.0003589241426372119,4.581225248997111e-05,8.779770386339003e-07,-0.0003131118901472408,260662,0.00036100699527858685,6.76935197960165e-05,-0.0002933134754825703,0.0003258087985813791,6.109340056100578e-05,-0.00026471539802037334,522765
val,75,0.0009847220225557836,0.0002456505305431688,-0.0007390714920126148,-0.0009193895253551605,0.0008887115574376867,0.00022169959491753627,1.2529740045282255e-05,-0.0006670119625201504,250166,0.0009283630424074167,0.00033307089629569357,-0.0005952921461117232,0.0008378476422528835,0.0003005964746380303,-0.0005372511676148533,502527
val,76,0.00022108184225497158,8.364839615553497e-05,-0.00013743344609943662,-0.00011907093939289139,0.00019952636350372224,7.549267666175992e-05,7.159113091174294e-07,-0.00012403368684196233,260349,0.00021387645376253115,8.07626854575065e-05,-0.00013311376830502466,0.0001930234933067706,7.288831949924473e-05,-0.00012013517380752588,520800
val,77,0.0015168112108660569,1.2719085840668998e-05,-0.0015040921250253879,-0.0012307055278231417,0.0013689220475537936,1.1478974367887546e-05,1.1958040758593434e-06,-0.0013574430731859062,260826,0.0013786301806400756,2.991639581272629e-05,-0.0013487137848273495,0.0012442136904698541,2.6999546075671142e-05,-0.001217214144394183,522556
val,78,0.0008665446810556575,0.0002573418690981393,-0.0006092028119575182,-0.0006041691519697046,0.000782056582905162,0.00023225103200669948,1.1258282015561455e-05,-0.0005498055508984625,259861,0.00074381504397907,0.00024129415941280823,-0.0005025208845662618,0.0006712930505859776,0.00021776797133845924,-0.00045352507924751836,520619
val,79,0.001907633537712002,0.00034793510550989103,-0.001559698432202111,-0.0016926923792538466,0.001721639268330185,0.0003140114376286037,3.6292123404913225e-06,-0.0014076278307015811,220359,0.0016727379925385883,0.00039676978664649983,-0.0012759682058920885,0.001509645927934189,0.00035808471038208865,-0.0011515612175521002,442547
val,80,0.0005445907791877607,0.0008048999291048636,0.00026030914991710284,-0.0002905056389930187,0.0004914931727514259,0.0007264221755065082,5.561334570917798e-06,0.00023492900275508234,251286,0.00042720023000436866,0.0006636216999065547,0.00023642146990218602,0.00038554819346407054,0.0005989185620728221,0.0002133703686087516,504177
val,81,0.0009075613319122,0.0002240429175819741,-0.0006835184143302259,-0.0007106010148150682,0.0008190740587598072,0.000202198726059424,1.0934449270053478e-05,-0.0006168753327003831,260343,0.0007709065713300212,0.00021318253006643984,-0.0005577240412635813,0.000695743157968746,0.00019239722285163124,-0.0005033459351171148,521415
val,82,0.0004278964056599815,0.00024428978201518613,-0.00018360662364479537,-0.000314301484116275,0.00038617647019213816,0.000220471519395342,4.951977912538117e-06,-0.00016570495079679617,260896,0.0003455337872972595,0.0002294495837883042,-0.00011608420350895529,0.0003118442262300523,0.00020707824936894455,-0.00010476597686110776,522656
val,83,0.0038990920990191282,0.0004593251441210685,-0.00343976695489806,-0.0030373921380632673,0.003518930732512517,0.00041454092467838017,1.6281284823977302e-05,-0.003104389807834137,260750,0.003151664158955754,0.00039208434345648364,-0.0027595798154992704,0.0028443768026972897,0.0003538561169950033,-0.0024905206857022866,523127
val,84,0.0011137512344038185,0.00045472255470338117,-0.0006590286797004373,-0.0007484139381541397,0.0010051604492792817,0.0004103871148348396,2.4822784602948303e-05,-0.000594773334444442,260551,0.0009220152453983892,0.0004471202724468292,-0.00047489497295156,0.0008321187465903146,0.00040352603311460256,-0.00042859271347571204,522483
val,85,0.0018619521822246879,0.0005001170349968263,-0.0013618351472278615,-0.001384260839222508,0.001680411761628226,0.000451355601748576,1.1597548234490163e-05,-0.00122905615987965,260789,0.0018145109278481647,0.00045445583752465237,-0.0013600550903235123,0.00163759604650889,0.0004101463494499463,-0.0012274496970589436,523078
test,0,0.0017323126425952697,4.781745692881199e-05,-0.0016844951856664577,-0.001241144319644766,0.0015634121177554357,4.3155255000888856e-05,8.198384524091266e-07,-0.0015202568627545468,259438,0.0016220399391425739,3.3943078571241585e-05,-0.0015880968605713323,0.001463890966925247,3.0633627156787355e-05,-0.0014332573397684595,523249
test,1,0.00018936415878696247,0.0,-0.00018936415878696247,-0.0002105561361800515,0.00017090114125640829,0.0,0.0,-0.00017090114125640829,261213,0.00021224581302418426,0.0,-0.00021224581302418426,0.00019155183768573825,0.0,-0.00019155183768573825,523256
test,2,0.0,0.0,0.0,0.0,0.0,0.0,0.0,0.0,260890,0.0,0.0,0.0,0.0,0.0,0.0,523253
test,3,0.003956081253157955,0.00025632801130825127,-0.0036997532418497035,-0.0037635076388026177,0.0035703633766167387,0.0002313360194291879,2.080550802911098e-06,-0.003339027357187551,241530,0.0036334699959694452,0.0003096805445802632,-0.003323789451389182,0.003279206453925097,0.0002794866955331277,-0.002999719758391969,487147
test,4,0.006935054056598118,0.003938750030084754,-0.0029963040265133644,-0.0020420470626167937,0.006258886449723856,0.003554722035312829,1.8363592817209252e-05,-0.0027041644144110274,167479,0.006465118631531301,0.0035808336207048086,-0.0028842850108264924,0.0058347693854671895,0.0032317023027242076,-0.002603067082742982,339146
test,5,0.0015601997204414497,0.00013176516577739295,-0.0014284345546640568,-0.0013849403129195645,0.0014080802818832749,0.0001189180656331275,3.1061617079098973e-06,-0.0012891622162501473,259939,0.0014449403204377755,0.00017362124411441073,-0.0012713190763233649,0.001304058606977791,0.0001566931706065912,-0.0011473654363711998,522399
test,6,0.00019492268705755979,0.00014870003205578444,-4.6222655001775344e-05,-9.220272305375386e-05,0.00017591772408067705,0.0001342017868405107,9.697836305353406e-06,-4.1715937240166366e-05,260296,0.00019844906813589944,0.0001278289022330335,-7.062016590286593e-05,0.00017910028066188237,0.00011536558217015294,-6.373469849172943e-05,523036
test,7,0.0,0.0,0.0,0.0,0.0,0.0,0.0,0.0,260906,0.0,0.0,0.0,0.0,0.0,0.0,523251
test,8,0.0,0.025476170171550645,0.025476170171550645,0.02439024390242736,0.0,0.02299224101615057,3.113869604366584e-05,0.02299224101615057,2091,0.0,0.02243295538895063,0.02243295538895063,0.0,0.02024574185542036,0.02024574185542036,4304
test,9,0.0,0.0,0.0,0.0,0.0,0.0,2.206845492626226e-09,0.0,27096,0.0,0.0,0.0,0.0,0.0,0.0,54275
test,10,0.006583498944445792,0.0010828467477612066,-0.005500652196684585,-0.009914637198161623,0.005941607629425378,0.0009772691895159065,1.875458520350973e-05,-0.004964338439909471,251749,0.005514368300639614,0.0010228318267540427,-0.004491536473885571,0.004976717092815796,0.0009231057106000359,-0.00405361138221576,509286
test,11,0.00797531467730959,0.00300290871049208,-0.004972405966817509,-0.004487728734188989,0.007197721165308111,0.0027101250737679356,0.0001995909386444195,-0.004487596091540175,117877,0.007462782469393879,0.002403858248177302,-0.005058924221216577,0.006735160763053318,0.0021694820528542404,-0.004565678710199078,239483
test,12,0.0,0.0,0.0,0.0,0.0,0.0,6.99655685828399e-10,0.0,259249,0.0,0.0,0.0,0.0,0.0,0.0,518925
test,13,0.0029234460252561016,0.00029880238381477193,-0.0026246436414413296,-0.004430428560410631,0.0026384102698749816,0.0002696691530745806,3.403103014563682e-06,-0.002368741116800401,233386,0.002418370427074891,0.00029032660992862647,-0.0021280438171462648,0.0021825792510996368,0.00026201974492139036,-0.0019205595061782465,471693
test,14,0.005548726588876978,0.0014463989063290199,-0.0041023276825479585,-0.007346950243025263,0.005007725120168583,0.0013053749015762106,7.732283681401507e-05,-0.003702350218592372,142372,0.004206024249074797,0.0011148697913237646,-0.003091154457751033,0.003795936775626715,0.0010061699656138572,-0.002789766810012858,287044
test,15,0.000825084438031637,0.00015358605182962896,-0.0006714983862020081,-0.0009559311180734971,0.0007446386695127709,0.0001386113982667836,3.1089983714916975e-06,-0.0006060272712459873,218635,0.0007973531114136,0.00019987140861121218,-0.0005974817028023879,0.000719611154612967,0.00018038393838090878,-0.0005392272162320582,438685
test,16,0.00014413490080834987,0.0,-0.00014413490080834987,-0.00024157275366097666,0.00013008173960046905,0.0,2.5968194792112716e-09,-0.00013008173960046905,260791,0.0001249903579359743,0.0,-0.0001249903579359743,0.00011280379554741691,0.0,-0.00011280379554741691,522921
test,17,0.01733785881856652,0.0032520983425375198,-0.014085760476029002,-0.01668389249534509,0.015647416884028348,0.0029350186271894715,4.4072132940588816e-05,-0.012712398256838876,258333,0.01566696762627962,0.003179492829883204,-0.012487474796396414,0.014139438009590711,0.002869492288680307,-0.011269945720910404,522405
test,18,0.0013230119314711485,0.0005327609441831134,-0.0007902509872880351,-0.0011045990305519025,0.0011940181135958994,0.0004808167581469538,2.986695604495133e-05,-0.0007132013554489456,153902,0.0009025879449055939,0.0004222907054586063,-0.0004802972394469876,0.0008145856372603151,0.00038111736513462744,-0.00043346827212568766,307402
test,19,0.0020952873946207392,0.00011429341006135127,-0.001980993984559388,-0.0032235108572307688,0.0018909968084937592,0.00010314979107426337,1.1174724232113541e-06,-0.0017878470174194957,259965,0.0014657793140766871,8.016348910677304e-05,-0.0013856158249699142,0.0013228658054962891,7.234754678930274e-05,-0.0012505182587069863,522488
test,20,0.009771601400238085,0.005177253330938875,-0.00459434806929921,-0.004384724186704282,0.008818870433092721,0.004672470686902566,0.0003466820966222166,-0.004146399746190155,42420,0.006987655216039303,0.0035546710128593747,-0.0034329842031799286,0.006306358863969004,0.0032080903531803524,-0.0030982685107886513,85499
test,21,0.001208984945640724,0.0006860873338396833,-0.0005228976118010406,-0.0013772782948843067,0.0010911089591088272,0.0006191938092363238,2.650513147130231e-05,-0.00047191514987250346,177161,0.001079984527843293,0.0005897076542783655,-0.0004902768735649274,0.0009746860145291338,0.0005322111364300678,-0.000442474878099066,358286
test,22,0.0115240737190259,0.004218358326668361,-0.00730571539235754,-0.006878008200130693,0.010400475263773596,0.0038070682594497883,0.0002129910548855595,-0.006593407004323808,201948,0.009443057851081136,0.003583425239137699,-0.005859632611943437,0.00852235938349465,0.003234041374205007,-0.005288318009289642,410396
test,23,0.0036458738037807906,0.0010109980374625393,-0.002634875766318251,-0.005470185855817617,0.0032904011917710757,0.0009124256697507686,4.706066611214618e-05,-0.0023779755220203072,183906,0.002926548629414144,0.0009475280863815048,-0.001979020543032639,0.0026412101238280157,0.0008551440918108761,-0.0017860660320171396,372377
test,24,0.017151541129518964,0.002001060963109283,-0.015150480166409682,-0.011426860081072028,0.015479264847558618,0.0018059572512485892,4.521600855282668e-05,-0.013673307596310028,237073,0.016701453955935818,0.002357825029871582,-0.014343628926064236,0.015073061527536749,0.002127936941236922,-0.012945124586299827,477152
test,25,0.00010992014933502447,4.289550706208329e-05,-6.702464227294119e-05,-0.00012384943871434313,9.92029349191704e-05,3.871319420956162e-05,1.3983640590676203e-06,-6.0489740709608784e-05,201858,7.56938951412952e-05,3.60089413504062e-05,-3.9684953790889e-05,6.831373919844068e-05,3.2498068387581134e-05,-3.5815670810859546e-05,406674
test,26,0.002015653285228608,0.0003215207182447065,-0.0016941325669839018,-0.0019178384008332237,0.0018191270809057663,0.0002901724538072783,6.721657573508346e-06,-0.001528954627098488,199704,0.0018520698344084777,0.0003002456290566443,-0.0015518242053518335,0.0016714929881915133,0.00027097167482908823,-0.001400521313362425,402426
test,27,0.0007273270821954378,1.734185237583505e-05,-0.0007099852298196027,-0.0006111059865326054,0.0006564126171303867,1.5651020489584486e-05,4.977440357248442e-07,-0.0006407615966408022,260184,0.0008746351706626673,3.76474370562813e-05,-0.000836987733606386,0.0007893582006058466,3.3976810421478e-05,-0.0007553813901843686,523150
test,28,0.0007326951176628831,5.1506588513342e-05,-0.0006811885291495411,-0.0018269286952456935,0.0006612573329089108,4.6484695651958954e-05,5.602898956448129e-07,-0.0006147726372569518,256715,0.0005949334276508733,7.205695298333656e-05,-0.0005228764746675367,0.0005369273843190713,6.50313988973201e-05,-0.0004718959854217512,515466
test,29,0.00013547201548421524,0.0,-0.00013547201548421524,-0.00033861652063829086,0.00012226348680318406,0.0,2.6910683613578167e-08,-0.00012226348680318406,259881,0.00012150724092228622,0.0,-0.00012150724092228622,0.00010966027979836215,0.0,-0.00010966027979836215,522597
test,30,0.0003129347828933428,9.603016920540863e-06,-0.0003033317659728019,-0.0002886731858694463,0.00028242361135103573,8.666722995121343e-06,1.9434364567427866e-07,-0.0002737568883559144,221704,0.0002794133109488022,1.3471651230766733e-05,-0.00026594165971803547,0.00025217050396587453,1.2158164899701596e-05,-0.00024001233906617293,444291
test,31,0.0015305929269489166,0.0001534120245180082,-0.0013771809024309084,-0.0009353911939600416,0.0013813601593786573,0.00013845434538932257,8.384462700335543e-06,-0.0012429058139893348,239472,0.001660530296852638,0.0001702157321546906,-0.0014903145646979474,0.001498628515393007,0.00015361969805088226,-0.0013450088173421247,480039
test,32,0.00016021558892539772,5.7623617453136635e-05,-0.00010259197147226108,-0.0002604437962287693,0.00014459456359706247,5.200531330929342e-05,1.220899261902171e-07,-9.258925028776904e-05,57594,0.00016401918620488696,3.6963102130291134e-05,-0.00012705608407459582,0.00014802731285266363,3.335919625752029e-05,-0.00011466811659514334,116172
test,33,0.0031676960369318883,0.0005462081417674286,-0.0026214878951644595,-0.004720974747846551,0.0028588457100794133,0.0004929527964973662,2.108719336244011e-05,-0.0023658929135820473,217328,0.003131388519398945,0.0005987125373530451,-0.0025326759820458998,0.0028260779907742666,0.0005403380591654333,-0.0022857399316088332,437887
test,34,0.00012109078161745795,0.0,-0.00012109078161745795,-0.0001755919080715101,0.00010928442802083089,0.0,0.0,-0.00010928442802083089,244886,0.00012612270693612327,0.0,-0.00012612270693612327,0.00011382574592217375,0.0,-0.00011382574592217375,491894
test,35,0.0,0.00017829670742760336,0.00017829670742760336,0.0002647533822244544,0.0,0.0001609127773106778,7.374250323765776e-07,0.0001609127773106778,75542,0.0,0.00013266483451549488,0.00013266483451549488,0.0,0.00011973000477584273,0.00011973000477584273,153245
test,36,1.881492160258399e-06,6.39375717131224e-05,6.2056079552864e-05,0.00019544928905320787,1.6980466021941753e-06,5.770365628939982e-05,1.5299397956547709e-06,5.6005609687205646e-05,61397,1.722603536929076e-05,3.203949594034399e-05,1.4813460571053232e-05,1.5546497243665334e-05,2.8915643024634133e-05,1.3369145780968799e-05,124111
test,37,0.00023294021253002708,0.00335990569450598,0.003126965481975953,0.003110864217125609,0.00021022853424385737,0.0030323145857664023,3.7640690952725243e-06,0.002822086051522545,189015,0.0002651219802398726,0.0028213824268962864,0.002556260446656414,0.00023927259489220481,0.0025462974820511576,0.0023070248871589526,380983
test,38,0.004099384973229919,0.0,-0.004099384973229919,-0.002320167550354634,0.0036996949535359177,0.0,4.783916305613351e-09,-0.0036996949535359177,256878,0.002665546405354488,0.0,-0.002665546405354488,0.002405655553704939,0.0,-0.002405655553704939,518771
test,39,0.029912808885961237,0.007917962518206688,-0.021994846367754547,-0.021155696462089223,0.026996309694530582,0.007145960952929805,2.6941492467873208e-05,-0.019850348741600778,253596,0.02486458702738638,0.00638871896856845,-0.01847586805881793,0.022440288166215967,0.005765818627789594,-0.016674469538426374,513159
test,40,0.0009605735816312225,0.0003428887604817207,-0.0006176848211495018,-0.001269606658802679,0.0008669175508067606,0.0003094571028534332,2.0934698804791945e-05,-0.0005574604479533274,211089,0.0008840949787327709,0.00045883197697084254,-0.0004252630017619284,0.0007978956612904086,0.0004140958388095668,-0.0003837998224808418,427129
test,41,0.008549324740486183,0.002480276163232684,-0.006069048577253499,-0.007309124767225297,0.00771576572123352,0.0022384491770126853,5.234660087647833e-06,-0.0054773165442208345,257760,0.007551301193892597,0.002185020402320212,-0.005366280791572385,0.006815049228865913,0.0019719808164442793,-0.004843068412421634,523226
test,42,0.00040513709698723684,2.471974463816275e-05,-0.0003804173523490741,-0.00025653297597396285,0.0003656362035747931,2.2309568694849197e-05,2.2605105188324593e-07,-0.0003433266348799439,261175,0.00039195815287622354,2.3784888392254585e-05,-0.000368173264483969,0.0003537422338663495,2.146586175002161e-05,-0.0003322763721163279,522960
test,43,0.0021719226488793476,0.0008594760740506033,-0.0013124465748287442,-0.0011333759955590122,0.0019601602946205895,0.0007756771333340764,1.0748959235408909e-05,-0.001184483161286513,259402,0.002185196044794353,0.0009914716073278428,-0.0011937244374665102,0.0019721393932577284,0.0008948031189709779,-0.0010773362742867503,522478
test,44,0.0,0.0,0.0,0.0,0.0,0.0,0.0,0.0,49055,0.0,0.0,0.0,0.0,0.0,0.0,99529
test,45,0.0,0.0,0.0,0.0,0.0,0.0,0.0,0.0,214279,0.0,0.0,0.0,0.0,0.0,0.0,429231
test,46,0.005955914223897783,0.0016333074011039557,-0.0043226068227938275,-0.003412151587635865,0.005375212381419161,0.0014740600470097987,2.2372568227910863e-05,-0.003901152334409362,258781,0.005492853022664485,0.001392628114970239,-0.004100224907694246,0.00495729999243364,0.0012568468879236695,-0.0037004531045099704,523233
test,47,7.13747471468659e-05,9.031967681370893e-06,-6.2342779465495e-05,-0.00010387659460560814,6.441570382246488e-05,8.151350479714175e-06,7.752642710527043e-07,-5.6264353342750704e-05,250297,6.969800635375805e-05,1.864732409412612e-05,-5.1050682259631936e-05,6.290245009579775e-05,1.6829208472284524e-05,-4.607324162351323e-05,504387
test,48,0.0013379973307334578,0.0007904863082224717,-0.0005475110225109861,-0.00040022412551028405,0.0012075424816693344,0.0007134138687775948,7.176183110663752e-06,-0.0004941286128917397,237367,0.0012305921214915713,0.0006979383693085002,-0.0005326537521830712,0.0011106093427573334,0.0006298893822083222,-0.0004807199605490112,481522
test,49,0.0022495680254539362,4.4709412242559284e-05,-0.002204858613211377,-0.0012974067686660393,0.0020302350342659473,4.035024170956792e-05,1.884641186635829e-06,-0.0019898847925563794,252812,0.001958069541337227,6.226093164708812e-05,-0.0018958086096901388,0.0017671577386479437,5.619048870021038e-05,-0.0017109672499477334,510217
test,50,0.001298525688684479,0.00038945681209526543,-0.0009090688765892136,-0.001267789606686411,0.0011719194424655171,0.0003514847706334547,1.7898408717533732e-05,-0.0008204346718320624,234266,0.0009480371939792047,0.0003001230509589172,-0.0006479141430202874,0.0008556034949303716,0.0002708610466940849,-0.0005847424482362867,473293
test,51,3.648390219948034e-05,0.0,-3.648390219948034e-05,-3.8371365752021066e-05,3.292672015097523e-05,0.0,0.0,-3.292672015097523e-05,260611,3.7600314723391986e-05,0.0,-3.7600314723391986e-05,3.3934284786472925e-05,0.0,-3.3934284786472925e-05,523251
test,52,0.005859863062649844,0.0017789649919306447,-0.0040808980707192,-0.010469382217975425,0.00528852661188367,0.0016055159694771716,3.076017577568331e-05,-0.0036830106424064982,169542,0.004629233729195935,0.001385785273192439,-0.0032434484560034966,0.004177883347277433,0.001250671171094726,-0.0029272121761827067,342857
test,53,0.0030044574361682936,0.0006228857139861329,-0.0023815717221821607,-0.0018326653345191683,0.0027115226639295793,0.000562154360972778,6.875442479018139e-06,-0.0021493683029568016,259731,0.002802950799146021,0.0004650120003380182,-0.0023379387988080027,0.00252966294543843,0.00041967332725493037,-0.0021099896181834997,522993
test,54,4.973415202077866e-05,0.0002476651316288823,0.00019793097960810367,0.000212825020819838,4.488507261554173e-05,0.0002235177668463813,1.1130227545508625e-05,0.00017863269423083956,216140,4.877330325349026e-05,0.0002173428096518269,0.00016856950639833665,4.4017903609771544e-05,0.0001961518810886828,0.00015213397747891125,437214
test,55,0.02805981955715392,0.007292369279610387,-0.020767450277543533,-0.014937003773014735,0.0253239865400787,0.006581362547738762,0.00023303672392006901,-0.01874262399233994,251523,0.02354940550681947,0.005726309267742766,-0.017823096239076706,0.021253338206794106,0.005167993993425078,-0.01608534421336903,508507
test,56,0.0003913747863251236,0.00011927891861366345,-0.00027209586771146017,-0.0002193964768582415,0.00035321573598114505,0.00010764921710700806,7.77263335876517e-06,-0.000245566518874137,218782,0.00026318275246791614,9.170210831915056e-05,-0.00017148064414876558,0.00023752242556183636,8.276115198939216e-05,-0.00015476127357244422,439417
test,57,0.01581772074833024,0.004565598267446587,-0.011252122480883652,-0.011526685142141899,0.01427549298826674,0.004120452563745195,0.0001488623911994695,-0.010155040424521545,178976,0.01359360286579407,0.003939598790250842,-0.009654004075543229,0.012268226220419622,0.0035554878840409502,-0.008712738336378673,363318
test,58,0.0019317918101482904,0.0008467932779149277,-0.0010849985322333626,-0.0009015134345647256,0.0017434421429151394,0.0007642309601275062,4.123149190249127e-05,-0.0009792111827876331,198555,0.0016391595915996404,0.000726063573987336,-0.0009130960176123045,0.0014793414672688988,0.000655272352707413,-0.0008240691145614858,402966
test,59,0.0008558491894260884,0.00023082523537852715,-0.0006250239540475613,-0.0017844725752536308,0.0007724038251536149,0.00020831977527583867,5.189871544634971e-06,-0.0005640840498777762,238726,0.0006578712479563361,0.00017278362023643386,-0.00048508762771990225,0.0005937287856376131,0.00015593722124155324,-0.0004377915643960598,479380
test,60,0.01573378128320594,0.00416869208547881,-0.01156508919772713,-0.009473094170403481,0.014199737316129979,0.0037622446403762304,0.00010442170469134428,-0.010437492675753748,89200,0.01656154183337822,0.004375880630579309,-0.01218566120279891,0.014946791236760825,0.003949232381651806,-0.01099755885510902,183229
test,61,0.006867620765335627,0.001512361005054751,-0.005355259760280876,-0.007651968558628405,0.006198027114225204,0.0013649058250112622,2.974623558981245e-05,-0.004833121289213942,259149,0.0059104163587620885,0.0014066665556613886,-0.0045037498031007,0.005334150791993764,0.0012695166352785483,-0.004064634156715216,523028
test,62,0.0005302300122456653,0.0,-0.0005302300122456653,-0.00038093332512466766,0.00047853261160669074,0.0,0.0,-0.00047853261160669074,259888,0.0003615331023668514,0.0,-0.0003615331023668514,0.00032628362182107257,0.0,-0.00032628362182107257,522760
test,63,0.01421685593636,0.003339000954673881,-0.010877854981686119,-0.013908737669079366,0.012830712120627833,0.0030134482331193335,6.26523596185908e-05,-0.0098172638875085,258902,0.012708433168499424,0.0033810063640426196,-0.009327426804456805,0.011469360042134644,0.0030513581250989122,-0.008418001917035732,522948
test,64,0.02401111897228007,0.00806835214522038,-0.01594276682705969,-0.019054351894207098,0.02167003500535259,0.007281687699782913,0.0002027802202389083,-0.014388347305569676,240470,0.022729043680632124,0.007719613684728222,-0.015009429995903902,0.020512961114152926,0.006966951120564028,-0.013546009993588898,486768
test,65,0.001810001758360711,3.664800962933736e-05,-0.0017733537487313736,-0.0017573334878241828,0.001633526725735328,3.307482813487591e-05,3.6885996666022186e-07,-0.001600451897600452,258915,0.0017303423830724019,2.9740945238540228e-05,-0.0017006014378338615,0.0015616339988409615,2.6841201666371715e-05,-0.00153479279717459,522791
test,66,0.0006219804658363109,0.002198277942727163,0.0015762974768908523,0.0017834153518622659,0.000561337375046611,0.0019839457205676077,7.4423030416090415e-06,0.0014226083455209967,179431,0.0005220943478921916,0.001820341542735075,0.0012982471948428834,0.00047119013103474454,0.0016428580818604742,0.0011716679508257297,360075
test,67,0.002156399999337005,7.088859379350761e-05,-0.002085511405543497,-0.0043824255084192595,0.0019461508595541989,6.397695091333807e-05,8.605649901003488e-07,-0.001882173908640861,258989,0.0016013033310644587,4.9596145925339857e-05,-0.001551707185139119,0.0014451762488223528,4.4760520789254466e-05,-0.0014004157280330983,520072
test,68,0.0009111957180479584,0.00045804331959400956,-0.00045315239845394883,-0.0010304272127536057,0.0008223541413480124,0.00041338409992778294,7.365960043702973e-06,-0.0004089700414202294,253293,0.0008063002067280545,0.0003706804722939887,-0.0004356197344340658,0.0007276859505990187,0.0003345391239478072,-0.0003931468266512115,507894
test,69,0.002343784828210941,0.0018915181661845362,-0.00045226666202640483,-0.0012745737825271101,0.0021152657647465307,0.0017070949034840434,2.0059724976863338e-05,-0.00040817086126248734,98072,0.0018341722092945379,0.0014203071375464582,-0.0004138650717480797,0.0016553404312823026,0.001281827132085545,-0.00037351329919675766,196316
test,70,0.0037110602764982674,0.0016632183638489928,-0.0020478419126492746,-0.0017692852087753414,0.003349231487085936,0.001501054744076051,1.4022017484471643e-05,-0.0018481767430098852,5652,0.005429742492389008,0.001428726493662037,-0.004001015998726971,0.004900342354023497,0.001289425595449185,-0.0036109167585743123,11582
test,71,0.00610654434627947,0.0006495782722011603,-0.005456966074078309,-0.009853689987454665,0.005511155533708865,0.0005862443749422205,7.313471590168127e-06,-0.0049249111587666445,257467,0.004892208016939607,0.0004941625905807352,-0.0043980454263588716,0.004415217620440144,0.0004459817339693643,-0.003969235886470779,516471
test,72,0.0009963209280016024,0.00015605105440878793,-0.0008402698735928144,-0.0009331311549164297,0.0008991796198205285,0.0001408360647456992,5.341610137095449e-06,-0.0007583435550748293,180039,0.0010147358761797888,0.00025352259237148943,-0.0007612132838082993,0.0009157990910772066,0.00022880412622301415,-0.0006869949648541924,364443
test,73,0.00014420919612630724,0.0001527255056607293,8.516309534422072e-06,-0.00017245960017339102,0.000130148788368208,0.0001378347630794771,8.028163090843839e-06,7.685974711269113e-06,214543,0.00011535905250408401,0.0001266493373687491,1.1290284864665082e-05,0.00010411153894372674,0.00011430102477434814,1.01894858306214e-05,430235
test,74,0.00012585565465941342,0.0,-0.00012585565465941342,-0.00038567516723303616,0.00011358471832130477,0.0,9.76383737012884e-09,-0.00011358471832130477,233357,0.0001025849745344514,9.794127144818267e-07,-0.00010160556181996958,9.258293828251549e-05,8.839199748198486e-07,-9.169901830769564e-05,470116
test,75,0.0004322512519257984,0.00010621565355244373,-0.0003260355983733547,-0.0004196730400498971,0.00039010673972486365,9.58596255649607e-05,5.476031328909994e-06,-0.00029424711415990297,259726,0.00036475240750285067,0.00010069667429356144,-0.0002640557332092892,0.00032918902511870255,9.087874488707286e-05,-0.0002383102802316297,520869
test,76,0.0006466386368986992,0.00023366320218463687,-0.0004129754347140623,-0.00046800675157280787,0.0005835913481956846,0.0002108810246988581,6.788479171716037e-06,-0.0003727103234968265,260680,0.0005403159500950919,0.00019225070592859519,-0.0003480652441664967,0.0004876351287580286,0.00017350626182119868,-0.00031412886693682994,522966
test,77,0.0025561184507252345,0.000591901868329475,-0.0019642165823957596,-0.004203348037988079,0.002306896696371699,0.0005341914027885796,1.4822164469275428e-05,-0.0017727052935831195,259555,0.0019351958434158365,0.000498114670545339,-0.0014370811728704976,0.0017465142348109806,0.0004495484706932789,-0.0012969657641177016,522691
test,78,0.0003701517172978113,0.000444141441191732,7.398972389392072e-05,-0.00010431436486073992,0.00033406190749375416,0.0004008376230918291,7.517053969859291e-06,6.677571559807492e-05,258833,0.00040896901577369135,0.0004584833875146196,4.9514371740928256e-05,0.0003690945127745902,0.0004137812237287206,4.468671095413042e-05,520168
test,79,0.00037457178037282753,0.0004602927940664688,8.572101369364125e-05,-3.847204428901723e-05,0.0003380510349787261,0.0004154142384363471,1.0183963509783759e-05,7.736320345762097e-05,259929,0.000345196434697729,0.0003859882806478074,4.079184595007836e-05,0.00031153977091523535,0.0003483544135670693,3.681464265183396e-05,521842
test,80,0.0007755706953843576,4.008187587702777e-05,-0.0007354888195073298,-0.0006102475532527323,0.0006999525293390299,3.6173890826670074e-05,1.0770541050115214e-06,-0.0006637786385123598,260550,0.0007252773103224303,8.68077358509865e-05,-0.0006384695744714437,0.0006545627256896415,7.834398001571656e-05,-0.000576218745673925,522751
test,81,0.0065829560793352,0.0004908458407136712,-0.006092110238621528,-0.004991392825305074,0.0059411174096985295,0.0004429883782117323,1.0731041297539394e-05,-0.005498129031486798,260248,0.0055021450176602656,0.0005512481172392361,-0.004950896900421029,0.004965685657330967,0.0004975014014903351,-0.004468184255840632,522909
test,82,0.0007290930891699504,3.951209844040942e-06,-0.0007251418793259094,-0.0008361556783792357,0.0006580064646246551,3.5659668297973728e-06,3.0709968668072565e-08,-0.0006544404977948577,260717,0.0006441565881058344,4.796544968703399e-06,-0.0006393600431371311,0.0005813513073933536,4.328881720756529e-06,-0.0005770224256725971,522895
test,83,0.001861432245263126,6.983745648162156e-05,-0.0017915947887815046,-0.0014544953475286921,0.0016799426040537194,6.302830312278934e-05,1.7829272788487482e-06,-0.00161691430093093,261259,0.001731962222923687,8.15685285814169e-05,-0.00165039369434227,0.0015630958130662758,7.361559450418841e-05,-0.0014894802185620873,523125
test,84,0.0004048258109019135,0.00013179548581407336,-0.0002730303250878401,-0.0003820958548508432,0.00036535525920834477,0.00011894541803043902,5.77380521019904e-06,-0.00024640984117790576,253863,0.0003548233700632642,0.00016215201397909855,-0.00019267135608416565,0.00032022807795460613,0.0001463421835978099,-0.00017388589435679623,509508
test,85,0.0006529826473483252,9.49069728810145e-05,-0.0005580756744673107,-0.0004525112456714214,0.0005893168588038889,8.565353747089215e-05,2.7114574033218018e-06,-0.0005036633213329968,260767,0.000582868667229212,7.388339747916176e-05,-0.0005089852697500503,0.0005260389466387818,6.667976479249152e-05,-0.0004593591818462903,522737
test,86,0.0008096812069987197,0.00020694368263290456,-0.0006027375243658152,-0.0005735843245948317,0.0007307372675876925,0.00018676666233723838,1.2304212178242477e-05,-0.0005439706052504541,259770,0.0006918729989795795,0.00027234090769461433,-0.0004195320912849651,0.0006244153688242019,0.0002457876587288562,-0.0003786277100953457,520050
test,87,0.0009946732549856408,0.00020774695501182315,-0.0007869262999738177,-0.0008996668068157632,0.0008976926009467374,0.00018749162981762123,7.159658994270435e-06,-0.0007102009711291162,221193,0.0009611407810051078,0.00024247233898251185,-0.0007186684420225959,0.0008674295275584083,0.0002188312780480402,-0.0006485982495103681,444281
test,88,0.0004208221397051758,0.00025239694522013556,-0.00016842519448504026,-0.00023146540749484902,0.00037979195134978447,0.00022778823031797087,1.6921343782125495e-05,-0.0001520037210318136,259218,0.0004358583223408319,0.00025600077994441866,-0.00017985754239641322,0.00039336212589714565,0.00023104070368211056,-0.0001623214222150351,520020
bolivia,0,0.004846596314970457,0.0013921562797580206,-0.003454440035212436,-0.0074951783713865785,0.00437405294375266,0.0012564210036168629,1.7553356829363566e-05,-0.0031176319401357974,86589,0.004862895766389105,0.0013059587950803237,-0.003556936971308781,0.004388763171923177,0.0011786277837310362,-0.00321013538819214,175098
bolivia,1,0.007713464943726011,0.001561930358957284,-0.006151534584768727,-0.007972848746781417,0.006961401292148724,0.001409642148958949,2.0164775312924466e-05,-0.005551759143189776,229529,0.007850755776164738,0.0015024901448528545,-0.0063482656313118835,0.007085307089889207,0.0013559973338736018,-0.005729309756015605,464634
bolivia,2,0.00021511854947873393,4.9445427122490986e-05,-0.00016567312235624295,-0.0006107365947182858,0.00019414450036233885,4.462449579548316e-05,3.1036727345740785e-07,-0.00014952000456685567,258704,0.00017353145001895736,4.975881030527989e-05,-0.00012377263971367748,0.00015661212733547554,4.490732523718736e-05,-0.00011170480209828817,521451
bolivia,3,0.00013351079999671055,0.00034074522279156286,0.0002072344227948523,0.0008858337467224108,0.00012049350135762124,0.00030752254176643555,9.455011399513434e-06,0.0001870290404088143,197554,0.00010998245626828434,0.0002628105963590207,0.00015282814009073636,9.925916474743682e-05,0.00023718655701746087,0.00013792739227002406,399629
bolivia,4,0.0,0.0007159767962851758,0.0007159767962851758,0.0008883664990159573,0.0,0.0006461690646529508,2.048820617800166e-05,0.0006461690646529508,146336,0.0,0.000523821922586186,0.000523821922586186,0.0,0.00047274925877112417,0.00047274925877112417,296094
bolivia,5,0.013196700049622201,0.006429881940471897,-0.006766818109150304,-0.006031391178799276,0.011910022386468789,0.005802968149002155,8.394236510118162e-05,-0.006107054237466634,171768,0.010892442407033728,0.005560410327070961,-0.005332032079962768,0.00983042886959285,0.005018270472653112,-0.0048121583969397376,348020
bolivia,6,0.0018683026365391342,0.0006944343301440209,-0.0011738683063951133,-0.0009535184832030143,0.001686143248520209,0.0006267269700585844,3.22298430234173e-06,-0.0010594162784616245,199262,0.0015156692214739174,0.0006095653124943701,-0.0009061039089795473,0.0013678914329497134,0.000550132677811067,-0.0008177587551386464,403407
bolivia,7,0.0013918037289978441,0.0004110215934064257,-0.0009807821355914184,-0.0016334386974871389,0.0012561027898426971,0.0003709469684075962,1.4578392198211951e-05,-0.000885155821435101,113258,0.0012562895746456783,0.0004187087908326975,-0.0008375807838129808,0.0011338013279226574,0.00037788465907256805,-0.0007559166688500894,229655
bolivia,8,0.0014006318518702103,0.0008506280653845759,-0.0005500037864856344,-0.0034340391831011296,0.0012640702551268443,0.000767691822399095,1.2902008952452868e-05,-0.0004963784327277493,154046,0.0011017678516052568,0.0006468472072560847,-0.00045492064434917215,0.0009943454249211068,0.0005837795966861345,-0.00041056582823497225,311663
bolivia,9,0.008536235555871597,0.0016814912461036624,-0.006854744309767935,-0.008705273605935811,0.007703952334616253,0.001517545800194382,1.7784013589317793e-05,-0.0061864065344218715,184371,0.0075659542522626255,0.0014609208230862579,-0.006105033429176367,0.006828273298106139,0.0013184810221377413,-0.005509792275968398,372907
bolivia,10,0.001083701129155984,0.0006074049129530603,-0.0004762962162029236,-0.0007589405190354234,0.0009780402728793449,0.000548182950158432,9.895444372110729e-06,-0.0004298573227209129,250349,0.0008474635297148765,0.00043400562551411485,-0.0004134579042007616,0.0007648357971958187,0.0003916900649842569,-0.00037314573221156186,506777
bolivia,11,0.009550845077109705,0.0007692412761753547,-0.008781603800934349,-0.006322485401473934,0.008619637051362691,0.0006942402686559065,7.920358284942844e-06,-0.007925396782706784,258759,0.008381462269055963,0.0007812810454520903,-0.0076001812236038725,0.007564269723991587,0.0007051061221098549,-0.0068591636018817325,522900
bolivia,12,0.0053380991192418775,0.0029696999231609168,-0.0023683991960809607,-0.0018073964222819422,0.004817634296654413,0.0026801540050246965,4.8241273177827663e-05,-0.0021374802916297167,151046,0.004340184446008229,0.002567508234063134,-0.001772676211945095,0.003917016255200182,0.002317176134925307,-0.001599840120274875,305903
bolivia,13,0.0020349889847365663,0.0014961102738103868,-0.0005388787109261795,-0.000983927383996578,0.0018365773878877042,0.0013502395301722254,6.287139764492884e-05,-0.0004863378577154788,184973,0.0015729708744635698,0.0013009392375356698,-0.0002720316369279,0.0014196061894329397,0.0011740976302248344,-0.00024550855920810535,375284
bolivia,14,5.5596779183089104e-05,0.00028174902184956917,0.00022615224266648006,0.0002891705624367424,5.0176092815862996e-05,0.0002542784774025724,1.343004977637206e-05,0.00020410238458670943,186741,4.76478394858278e-05,0.0002904844558471031,0.0002428366163612753,4.300217259609488e-05,0.0002621622027669811,0.0002191600301708862,376501
